job_id,account,video_path,caption,status,worker_id,claimed_at,completed_at,error,attempts,max_attempts,retry_at,error_type,error_category,pass_number,run_id,video_id
DRAykP2Eku_-1.mp4_podcast,quickcutspod,C:\Users\asus\Desktop\projects\geelark-automation\campaigns\podcast\videos\chunk_01b\icedcoffeehour\DRAykP2Eku_-1.mp4,"The rent freeze debate is heating up as Mamdani's proposal shakes NYC's housing landscape üèôÔ∏è

via @icedcoffeehour

#nyc #newyork #newyorkcity #nycrent #rentcontrol #manhattan #brooklyn #queens #bronx #statenisland #housing #politics",failed,0,2025-12-26T10:30:50.103163,2025-12-26T10:32:38.226395,"WebDriverException: Message: 'POST /actions' cannot be proxied to UiAutomator2 server because the instrumentation process is not running (probably crashed). Check the server log and/or the logcat output for more details
Stacktrace:
UnknownError: 'POST /actions' cannot be proxied to UiAutomator2 server because the instrumentation process is not running (probably crashed). Check the server log and/or the logcat output for more details
    at UIA2Proxy.command (C:\Users\asus\AppData\Roaming\npm\nod",3,3,2025-12-26T10:37:29.670563,appium_crash,infrastructure,,,
DJuQGECygve-2.mp4_podcast,podsnipline,C:\Users\asus\Desktop\projects\geelark-automation\campaigns\podcast\videos\chunk_01b\jordanbpetersonfans\DJuQGECygve-2.mp4,"The perspective shared here by jordan.b.peterson challenges conventional thinking in ways that demand reflection. Whether one stands with or against these views, the conversation itself holds value‚Äîand that's precisely what @jordanbpetersonfans brings to the table with content like this. Where do you land on this?

#jordanpeterson #jordanpetersonquotes #jordanbpeterson #jordanbpetersonquotes #psychology #lifelessons #tellthetruth #tellthetruthtuesday #speaktruth #speaktruthtopower #12rulesforlife #12morerulesforlife #societyfeelings #jordanpetersononsociety #bookstagram #googleads #marketingdigital #personality",failed,4,2025-12-26T10:37:36.236402,2025-12-26T10:38:50.179372,Exception: Device 98.98.125.32:20068 never appeared in ADB devices list after 60s,3,3,2025-12-26T10:42:26.170874,adb_timeout,infrastructure,,,
DRu8qprkRJ--2.mp4_podcast,podreelsector,C:\Users\asus\Desktop\projects\geelark-automation\campaigns\podcast\videos\chunk_01c\tonyrobbins\DRu8qprkRJ--2.mp4,"When every dollar turns into 30 meals for hungry families, the power of community becomes undeniable. @tonyrobbins is challenging us all through his Giving Tuesday partnership with @feedingamerica, and the opportunity to triple your impact ends December 5. üçΩÔ∏è‚ù§Ô∏è

Drop ""GIVE"" in the comments for the donation link, or head to FeedingAmerica.org/TonyRobbins directly.

Here's how the double-match works: Your $1 donation provides 10 meals through Feeding America. With the match active now through December 5, that same dollar delivers 30 meals to families facing hunger‚Äîup to $100,000 in total matching.

This isn't just about food. It's about becoming a force for good and proving what happens when people choose compassion over complacency. üôè

#GivingTuesday #FeedingAmerica #ForceForGood #EndHunger #GiveBack #Compassion #Community #MakeADifference #TonyRobbins #CharityWork #Philanthropy #ActOfKindness #FeedTheHungry",success,1,2025-12-26T10:31:17.336824,2025-12-26T10:36:02.018188,,0,3,,,,,,
DOlv77PjYEH-1.mp4_podcast,podpunchdaily,C:\Users\asus\Desktop\projects\geelark-automation\campaigns\podcast\videos\chunk_01c\ryanholiday\DOlv77PjYEH-1.mp4,"A chance encounter with ancient philosophy changed everything for Ryan Holiday (@ryanholiday). What started as research for a book became a lifelong practice‚ÄîStoicism wasn't just something to write about, it became the framework for how he lives. Sometimes the subjects we study end up studying us back.

#stoicism #stoicphilosophy #philosophy #ancientwisdom #personalgrowth #lifelessons #mindset #selfimprovement #dailystoic #stoic #philosophyoflife #wisdom #mentalhealth #mindfulness",success,2,2025-12-26T10:32:16.759436,2025-12-26T10:36:08.502187,,0,3,,,,,,
DQes0xxCZDB-1.mp4_podcast,podpeakstudio,C:\Users\asus\Desktop\projects\geelark-automation\campaigns\podcast\videos\chunk_01c\theovon\DQes0xxCZDB-1.mp4,"@theovon and @postmalone celebrating Halloween together üéÉüëª

#happyhalloween #postmalone #theovon #halloween #spooky #trickortreat #halloweenvibes #costume #october #scary #fall",success,3,2025-12-26T10:32:47.885270,2025-12-26T10:36:39.673373,,0,3,,,,,,
DRSnmU8khFR-2.mp4_podcast,podcutstories,C:\Users\asus\Desktop\projects\geelark-automation\campaigns\podcast\videos\chunk_01c\codiesanchez\DRSnmU8khFR-2.mp4,"@codiesanchez breaks down why the wealthiest woman in America got there by mastering something completely ordinary‚Äîa product sitting in your house right now.

The takeaway? Unglamorous industries print money while everyone chases the next shiny thing.

#boringbusinesses #wealthbuilding #businessstrategy #entrepreneurmindset #makemoney #businessowner #smallbusiness #sidehustle #businesstips #millionairemindset #passiveincome #financialfreedom #entrepreneur",success,3,2025-12-26T10:36:49.735165,2025-12-26T10:38:42.569423,,2,3,2025-12-26T10:41:44.797591,,,,,
DQWqb-ljQnn-1.mp4_podcast,mindsetmiccuts,C:\Users\asus\Desktop\projects\geelark-automation\campaigns\podcast\videos\chunk_01b\drmikeclips\DQWqb-ljQnn-1.mp4,"Looking to maximize hamstring gains? @drmikeclips breaks down the exact technique that separates average leg curls from growth-inducing reps. The secret lies in three critical adjustments: maximizing stretch at the bottom (extra padding helps), controlling that eccentric phase‚Äîespecially the final third of the movement‚Äîand implementing a strategic pause-and-explode pattern without stopping at contraction. His training protocols are available through the @rpstrength RP Hypertrophy App.

#hamstringworkout #legcurls #hypertrophytraining #musclegrowth #trainingtips #legday #bodybuilding #fitnesstips #gymtips #exercisescience #resistancetraining #rpstrength",success,3,2025-12-26T10:33:13.309079,2025-12-26T10:37:50.430101,,0,3,,,,,,
DIcpjjPSOOs-1.mp4_podcast,micwisdomdaily,C:\Users\asus\Desktop\projects\geelark-automation\campaigns\podcast\videos\chunk_01c\realalexclark\DIcpjjPSOOs-1.mp4,"Helen Morrison just revealed why Hollywood's been obsessed with these mysterious patches for over a century‚Äîand it's not what you'd expect. @realalexclark sits down with the 5th generation CFO of @frownies to uncover how this vintage beauty secret became the clean alternative celebrities choose over injections. üíö‚ú®

Stream the full @cultureapothecary episode now on YouTube under 'Real Alex Clark' or your favorite podcast platform! üåø

Drop 'FROWNIES' below for the direct link üíå

Ever heard of them before? üëÄ

#frownies #cleanbeauty #skincare #naturalskincare #antiaging #beautysecrets #skincareproducts #botoxalternative #podcast #podcastepisode #cultureapothecary #beautypodcast #skincaretips #naturalbeauty #beautyproducts",success,0,2025-12-26T10:38:20.785392,2025-12-26T10:41:48.080568,,2,3,2025-12-26T10:43:10.718702,,,,,
DQNC-n8jyLP-1.mp4_podcast,micnotesarchive,C:\Users\asus\Desktop\projects\geelark-automation\campaigns\podcast\videos\chunk_01a\themelrobbinspodcast\DQNC-n8jyLP-1.mp4,"Your body might be screaming what your mind won't say out loud‚Äîand jaw tension could be the messenger.

When @drsanjaygupta sat down with @themelrobbinspodcast, he revealed something that changes everything about chronic pain: stress doesn't just affect your thoughts, it physically embeds itself into your muscles and joints. With over 10 million Americans experiencing jaw pain according to the National Institute of Health, this world-renowned neurosurgeon is connecting dots that traditional medicine often misses.

The truth? Your TMJ symptoms might be your body's way of processing what you haven't dealt with emotionally.

This conversation strips away the Band-Aid solutions and gets to the root of why pain persists‚Äîand more importantly, what actually works to reverse it.

üéß ""Neurosurgeon's Protocol to Feel Better Now: The Best Ways to Heal Your Body & Live Pain Free""

Stream the full episode or find it on YouTube by searching ""The Mel Robbins Podcast Dr. Sanjay Gupta.""

#TMJ #JawPain #ChronicPain #StressRelief #MindBodyConnection #DrSanjayGupta #MelRobbinsPodcast #PainFree #HealingJourney #MentalHealth #PhysicalHealth #Neuroscience #WellnessTips #HealthPodcast",success,1,2025-12-26T10:36:12.090124,2025-12-26T10:39:29.461178,,0,3,,,,,,
DRvUzOzEaOS-2.mp4_podcast,micmindvault,C:\Users\asus\Desktop\projects\geelark-automation\campaigns\podcast\videos\chunk_01a\alexjones.tv\DRvUzOzEaOS-2.mp4,"When @alexjones.tv connected the dots between Venezuela, the Deep State, and China in this bombshell segment, he laid out exactly how foreign powers are allegedly interfering in American democracy. He breaks down the coordination happening behind the scenes and what it means for election integrity moving forward.

#infowars #trumpwon #maganews",success,2,2025-12-26T10:36:18.551106,2025-12-26T10:39:44.891938,,0,3,,,,,,
DKFnhL1S1un-1.mp4_podcast,castcoremedia,C:\Users\asus\Desktop\projects\geelark-automation\campaigns\podcast\videos\chunk_01c\charliekirk1776\DKFnhL1S1un-1.mp4,"The perfect balance exists in Christ‚Äîlove that never compromises truth, and truth that's always rooted in love. @charliekirk1776 reminds us why both matter equally.

#Jesus #Faith #Truth #Love #Christian #Christianity #God #Bible #Gospel #ChristianFaith #BibleTruth #JesusChrist #FaithOverFear #ChristianLife #TruthMatters",success,4,2025-12-26T10:37:04.360019,2025-12-26T10:41:08.253495,,0,3,,,,,,
DQC3fyDEiiZ-1.mp4_podcast,bitepodmedia,C:\Users\asus\Desktop\projects\geelark-automation\campaigns\podcast\videos\chunk_01a\megynkellyshow\DQC3fyDEiiZ-1.mp4,"When George Conway tried his hand at leading protest chants, the results were... questionable. @megynkellyshow and @emilyjashinsky from @afterpartyemily break down the cringe-worthy moment that has everyone talking. Catch the complete breakdown‚Äîsubscribe and download the FULL show at the link in our bio.

#megynkellyshow",failed,3,2025-12-26T10:50:45.081795,2025-12-26T10:52:01.385918,Exception: Device 98.98.125.32:20346 never appeared in ADB devices list after 60s,3,3,2025-12-26T10:55:35.039602,adb_timeout,infrastructure,,,
DO4H5LEEpIO-2.mp4_podcast,bitecastclips,C:\Users\asus\Desktop\projects\geelark-automation\campaigns\podcast\videos\chunk_01a\greatness\DO4H5LEEpIO-2.mp4,"The anticipation is building over at @greatness as they prepare to drop what might be one of their biggest School of Greatness episodes yet üëÄüî•

Arena tours? Check. Grammy awards on the shelf? Absolutely. A voice that hits different the second you hear it? You already know üé∂‚ú®

But here's what makes this one special: they're diving past the spotlight and into the real talk about handling pressure, sustaining success, and the relentless pursuit of greatness when the world is watching üíØ

Drop your predictions below üòâ

New episode launches TOMORROW!

#SchoolOfGreatness #PodcastEpisode #ComingSoon #Greatness #Success #Motivation #Inspiration #MusicLegend #GrammyWinner #PodcastLife #NewEpisode",success,3,2025-12-26T10:38:52.628956,2025-12-26T10:42:28.907325,,0,3,,,,,,
DPW8aPxDYOQ-2.mp4_podcast,clipsonairwave,C:\Users\asus\Desktop\projects\geelark-automation\campaigns\podcast\videos\chunk_01a\mattwalshblog\DPW8aPxDYOQ-2.mp4,"The Vatican's security might want to take notes from @mattwalshblog on this one.

#Catholic #Pope #Vatican #Christianity #Faith #Religion #TradCath #LatinMass #Christian #Jesus #Church #Catholics",success,4,2025-12-26T10:39:00.223123,2025-12-26T10:45:53.451743,,0,3,,,,,,
DRn6u2wjvzf-2.mp4_podcast,archipelago_one,C:\Users\asus\Desktop\projects\geelark-automation\campaigns\podcast\videos\chunk_01a\chriswillx\DRn6u2wjvzf-2.mp4,"The data doesn't lie‚Äîfatherlessness might be the crisis nobody wants to address. @chriswillx breaks down how this overlooked issue connects to happiness and challenges mainstream narratives that keep us from seeing the truth.

#ChrisWilliamson #TuckerCarlson #Fatherlessness #MentalHealth #Happiness #Masculinity #SocialIssues #PodcastClips #RedPill #CultureWar #FamilyValues #ModernMasculinity #SelfImprovement #Inequality #Feminism #TruthBomb",success,1,2025-12-26T10:39:39.544972,2025-12-26T10:44:23.255843,,0,3,,,,,,
DJpwLsrybG0-1.mp4_podcast,warlordregent,C:\Users\asus\Desktop\projects\geelark-automation\campaigns\podcast\videos\chunk_01a\tonyrobbins\DJpwLsrybG0-1.mp4,"Your next chapter won't write itself ‚Äî and @tonyrobbins is showing up tomorrow to help you turn the page. 

Feeling that pull toward something greater? Drop ""THRIVE"" in the comments and get the link to claim your free spot.

May 15 at 10am PT/1pm ET, Tony and @deangraziosi are going live for Thrive in 2025 ‚Äî a completely FREE 3-Day Virtual event packed with real, actionable strategies to bridge the gap between your current reality and the life you're designed for.

The game has shifted. Old playbooks won't cut it anymore. This is about equipping yourself with what actually works right now.

Comment ""THRIVE"" or hit the link in bio to register ‚Äî spots are free but the impact is priceless.

Stop waiting. Start building. üöÄüî•ü§ü

#TonyRobbins #DeanGraziosi #Thrivein2025 #PersonalDevelopment #GrowthMindset #SuccessMindset #Motivation #SelfImprovement #LifeTransformation #FreeEvent",success,2,2025-12-26T10:39:54.965175,2025-12-26T10:46:31.953707,,0,3,,,,,,
C7q6I7nAWP8-2.mp4_podcast,thequietbaron,C:\Users\asus\Desktop\projects\geelark-automation\campaigns\podcast\videos\chunk_01a\theproblemdavesmith\C7q6I7nAWP8-2.mp4,"The legendary @theproblemdavesmith links up with @patrickbetdavid and the @valuetainment crew for an unforgettable evening üî•

#valuetainment #podcast #interview #business #entrepreneurship #networking #collaboration",success,3,2025-12-26T10:52:11.440224,2025-12-26T10:55:03.888164,,2,3,2025-12-26T10:57:05.602182,,,,,
DMOPG9PB45m-1.mp4_podcast,thefieldsketcher,C:\Users\asus\Desktop\projects\geelark-automation\campaigns\podcast\videos\chunk_01b\theadamcarollashow\DMOPG9PB45m-1.mp4,"Steve Guttenberg opens up about surviving the Palisades wildfire in this gripping moment from @theadamcarollashow üî•

#AdamCarolla #SteveGuttenberg #PalisadesFire #Wildfire #LosAngeles #California #PodcastClips",success,0,2025-12-26T10:41:58.124163,2025-12-26T10:44:56.689376,,0,3,,,,,,
DQqT3fVDYX8-1.mp4_podcast,thebaysideduke,C:\Users\asus\Desktop\projects\geelark-automation\campaigns\podcast\videos\chunk_01a\officialbenshapiro\DQqT3fVDYX8-1.mp4,"The mayor of Zohran just showed up, and @officialbenshapiro wasn't sticking around to find out what happens next üòÇ

#benshapiro #politics #debate #conservative #political #news #viral",success,3,2025-12-26T10:42:38.965116,2025-12-26T10:45:26.925376,,0,3,,,,,,
DJ17q3jpBGq-2.mp4_podcast,thebackroadman,C:\Users\asus\Desktop\projects\geelark-automation\campaigns\podcast\videos\chunk_01a\charliekirk1776\DJ17q3jpBGq-2.mp4,"The message is clear and unfiltered from @charliekirk1776 ‚Äì no sugarcoating, just the truth he sees about those working against everyday Americans.

#TPUSA #TurningPointUSA #TurningPoint #CharlieKirk #Conservative #Politics #Truth #America",success,1,2025-12-26T10:44:33.302184,2025-12-26T10:48:06.315545,,0,3,,,,,,
DRU1EP0jU3A-2.mp4_podcast,stone_mason_live,C:\Users\asus\Desktop\projects\geelark-automation\campaigns\podcast\videos\chunk_01b\thediaryofaceopodcast\DRU1EP0jU3A-2.mp4,"Kevin Hart's mom had been telling him to read his Bible for weeks, but he kept brushing it off.

He was broke, desperate, and about to lose his apartment when he finally cracked it open‚Äîmonths of rent money fell out.

She knew exactly what she was doing the whole time.

Sometimes the people who love us most teach lessons we'll never forget. What's one lesson that stuck with you?

Drop ""Kevin"" below and I'll send you the full conversation.

From @thediaryofaceopodcast featuring @kevinhart4real

#KevinHart #MotherKnowsBest #LifeLessons #Inspiration #Motivation #PodcastClips #WisdomWednesday #FamilyFirst #RealTalk #SuccessStory #Entrepreneur #Comedy #Podcast",success,0,2025-12-26T10:45:06.761721,2025-12-26T10:48:41.160920,,0,3,,,,,,
DN1x4hq3lOD-2.mp4_podcast,sovereignclaw,C:\Users\asus\Desktop\projects\geelark-automation\campaigns\podcast\videos\chunk_01c\lewishowes\DN1x4hq3lOD-2.mp4,"Looking back, @lewishowes realizes the pattern was always there. The people who genuinely cared would warn him. The red flags would show up early. But ignoring trusted voices? That's where the costly mistakes happened‚Äîin dating, business deals, and partnerships that should've never started. His advice now: protect your peace fiercely and let the people who love you be your filter. Their perspective might save you years of regret. Do you let your inner circle weigh in on big decisions?

#boundaries #relationships #character #trustyourtribe #lifelessons #datingadvice #businessmindset #personalgrowth #wisdomwednesday #protectyourpeace",failed,3,2025-12-26T10:48:48.145974,2025-12-26T10:50:02.472109,Exception: UI dump failed (InvalidSessionIdException): Message: The session identified by a6265db2-e71b-4615-bcb1-0ec65aaf9862 is not known; For documentat,3,3,2025-12-26T10:53:38.092941,,unknown,,,
DLM_guUMWfy-1.mp4_podcast,silverscribewindow,C:\Users\asus\Desktop\projects\geelark-automation\campaigns\podcast\videos\chunk_01a\jayshetty\DLM_guUMWfy-1.mp4,"Jay Shetty (@jayshetty) explains how strength is built, not born‚Äîand this perspective will change everything üí≠

Drop a ""YES"" if this resonates with you. Don't jump to conclusions... let his full message land first üéØ

#jayshetty #motivation #mindset #inspiration #growth #personaldevelopment #wisdom #lifelessons #motivationalquotes #selfgrowth #positivemindset #dailymotivation #inspirationalquotes #mindsetshift #growthmindset",success,4,2025-12-26T10:50:00.293769,2025-12-26T10:54:41.546491,,2,3,2025-12-26T10:54:50.233776,,,,,
DOQzjTpCGE1-1.mp4_podcast,seegloryvault,C:\Users\asus\Desktop\projects\geelark-automation\campaigns\podcast\videos\chunk_01c\themelrobbinspodcast\DOQzjTpCGE1-1.mp4,"The human body stores fat in the strangest place first‚Äîand @themelrobbinspodcast sat down with @drwilliamli to uncover the shocking truth.

According to clinical research, fat doesn't begin accumulating where most people think. The tongue is actually patient zero. That unexpected snoring? It might be your body's early warning system for weight gain.

Dr. Li brings over three decades of metabolism research to this conversation, dismantling outdated beliefs with cutting-edge science about how our bodies actually burn fat.

This episode delivers the kind of information that shifts your entire perspective on health and weight management.

Episode: ""Do THIS to Boost Your Metabolism, Lose Fat, & Feel Better Now With Dr. William Li"" üéß

#melrobbins #melrobbinspodcast #podcast #weightloss #metabolism #healthylifestyle #wellness #nutrition #metabolismbooster #fatloss #healthtips #sciencebacked #drwilliamli #weightgain",success,2,2025-12-26T10:46:42.010930,2025-12-26T10:53:05.054100,,0,3,,,,,,
DPTDaXAjOmq-2.mp4_podcast,orbmasterstrike,C:\Users\asus\Desktop\projects\geelark-automation\campaigns\podcast\videos\chunk_01b\thediaryofaceopodcast\DPTDaXAjOmq-2.mp4,"Comment ""Watch"" and I'll personally DM you the full conversation.

The truth about what sugar does to your body might change everything you thought you knew about food.

@robertlustigmd returns to @thediaryofaceopodcast after his first episode reached over 5 million views‚Äîand the audience demanded more answers.

As a world-renowned glucose expert, Dr Lustig has dedicated his career to exposing the real dangers of sugar and ultra-processed foods through his clinical work with thousands of diabetes, obesity, and metabolic disease patients.

This conversation cuts through the confusion around modern nutrition.

Topics explored:

- The science behind sugar addiction
- How ultra-processed foods actually rewire the brain
- The connection between lifestyle choices and 95% of Alzheimer's cases
- Sugar's surprising role in depression

Dr Lustig breaks down complex health science into actionable steps anyone can follow.

His message goes beyond calories and weight loss‚Äîhe connects sugar consumption directly to brain function, aging, and lifespan.

The episode reveals how daily food choices are silently determining long-term health outcomes.

For anyone questioning what their diet is really doing to them, this discussion provides crucial answers.

#podcast #sugar #health #nutrition #diabetes #mentalhealth #alzheimers #obesity #wellness #food #healthylifestyle #science",success,1,2025-12-26T10:48:16.380851,2025-12-26T10:54:48.566100,,0,3,,,,,,
DQwkf_xDtn1-1.mp4_podcast,kingmakerpulse,C:\Users\asus\Desktop\projects\geelark-automation\campaigns\podcast\videos\chunk_01b\garyvee\DQwkf_xDtn1-1.mp4,"@garyvee breaks down why NOW is the moment to launch your venture üí°

While AI and tech create endless opportunities, there's a massive shift happening in the opposite direction. Concert venues, sports facilities, hiking groups, and run clubs are exploding in popularity.

He's calling these ""walking businesses"" - ventures that get people moving and connecting in person. The digital boom is actually fueling real-world demand.

The question isn't IF these businesses will thrive, but WHO will be bold enough to build them.

#garyvee #businessadvice #opportunity",success,0,2025-12-26T10:48:51.226861,2025-12-26T10:55:46.722901,,0,3,,,,,,
DLnaa9ayEJ1-2.mp4_podcast,itsunpluggedlife,C:\Users\asus\Desktop\projects\geelark-automation\campaigns\podcast\videos\chunk_01a\joeroganexperience\DLnaa9ayEJ1-2.mp4,"Joe Rogan welcomes Amjad Masad to the podcast‚Äîthe founder and CEO of @repl.it Replit, revolutionizing how people code through his cloud-based platform. Beyond building tech, Masad has become a powerful voice challenging the status quo on culture and education in the industry. Episode 2344 with @joeroganexperience delivers another conversation worth your time.

www.replit.com

#JoeRogan #JRE #JoeRoganExperience #JoeRoganPodcast #AmjadMasad #Replit #TechFounder #CodingPlatform #TechCulture #TechEducation #CloudCoding #Entrepreneur #TechLeadership #PodcastClips",success,3,2025-12-26T10:50:12.544454,2025-12-26T10:53:04.343830,,0,3,,,,,,
DKaoRpwOHWN-2.mp4_podcast,ironwillascendant,C:\Users\asus\Desktop\projects\geelark-automation\campaigns\podcast\videos\chunk_01a\daveramsey\DKaoRpwOHWN-2.mp4,"The difference between those who build wealth and those who don't? It's not intelligence‚Äîit's the decision to keep moving forward when things get hard. @daveramsey breaks down why even the smartest people sabotage their own financial success and what you can do differently.

#daveramsey #financialfreedom #moneymindset #wealthbuilding #personalfinance #debtfree #financialtips #moneytips #smartmoney #financialadvice #moneymanagement #richdad #financialeducation #investing",success,4,2025-12-26T10:52:15.645710,2025-12-26T10:55:22.278933,,0,3,,,,,,
DJxE_WltdUR-1.mp4_podcast,inreallifemaxx,C:\Users\asus\Desktop\projects\geelark-automation\campaigns\podcast\videos\chunk_01c\2bears.1cave\DJxE_WltdUR-1.mp4,"Tom Segura puts the viral breathing device to the test while Bert watches in typical fashion üòÇ Via @2bears.1cave

#trending #tiktokmademebuyit #nasalbreathing #breathwork #podcast #comedy #2bears1cave",success,3,2025-12-26T10:53:14.408529,2025-12-26T10:55:54.160606,,0,3,,,,,,
DLnoCvKsjnp-1.mp4_podcast,empirestrongofmind,C:\Users\asus\Desktop\projects\geelark-automation\campaigns\podcast\videos\chunk_01b\russellbrand\DLnoCvKsjnp-1.mp4,"@russellbrand breaks down why chanting slogans isn't the same as creating real change. He's clear on his stance‚Äîpeace in the region, self-governance and freedom for Palestinians, and an end to the violence. But he questions whether rhymes and repetitive phrases actually move the needle. His take: if people genuinely want to make a difference, they need to look at what actually works, not just what sounds good at a protest.

#russellbrand #palestine #middleeast #politicaldiscourse #freespeech #activism #peace #humanrights #politicalcommentary #criticalthinking #socialjustice #geopolitics",success,2,2025-12-26T10:53:15.098311,2025-12-26T10:57:17.338898,,0,3,,,,,,
DHUodkzSLuL-1.mp4_podcast,crimsonlegionshort,C:\Users\asus\Desktop\projects\geelark-automation\campaigns\podcast\videos\chunk_01b\realalexclark\DHUodkzSLuL-1.mp4,"Dr. Nina-Marie Rueda drops knowledge bombs about fertility and family health that Big Pharma doesn't want you hearing üí£ From heavy metals in tattoos to the salt debate during pregnancy, this Naturopathic Doctor is exposing what mainstream medicine won't tell you. She's helping families tackle everything from fertility roadblocks to childhood ADHD and eczema‚Äîwith actual solutions, not just quick fixes. @realalexclark brings this eye-opening conversation to the Culture Apothecary podcast, available now on all platforms and YouTube! Drop 'PREGNANT' below to get the full episode sent straight to you ü§∞üèºüíöüåø

#cultureapothecary #doctorninamarie #naturopathicdoctor #fertility #pregnancy #holistichealth #wellness #podcast",success,4,2025-12-26T10:58:44.804073,2025-12-26T11:00:53.221953,,1,3,2025-12-26T11:03:34.763439,,,,,
C9TixDkPDFd-1.mp4_podcast,bentzenithruler,C:\Users\asus\Desktop\projects\geelark-automation\campaigns\podcast\videos\chunk_01c\moreplatesmoredates\C9TixDkPDFd-1.mp4,"@moreplatesmoredates sits down with the legend himself to unpack a mindset that separated champions from competitors. Dorian Yates reveals why he never found value in watching bodybuilding shows‚Äîbecause for him, the real battle was already won before stepping on stage. The mental warfare, the discipline, the relentless pursuit of perfection‚Äîthat's where victory lived. Stage time was just the victory lap.

From The Shadow Talk With Dorian Yates Podcast | EP 5

#bodybuilding #dorianyates #fitness #gym #workout #motivation #fitnessmotivation #gymmotivation #bodybuildingmotivation #muscle #training #fit #powerlifting #bodybuilder #gains #fitfam #gymlife #personaltrainer #strong #dedication",success,1,2025-12-26T10:54:58.613111,2025-12-26T10:59:07.732720,,0,3,,,,,,
DQVEiLtiZSC-1.mp4_podcast,tjmexicosfinest,C:\Users\asus\Desktop\projects\geelark-automation\campaigns\podcast\videos\chunk_01a\shawnryanshow\DQVEiLtiZSC-1.mp4,"A piece of American history just landed in unexpected hands üìñ @shawnryanshow was gifted an actual Civil War-era Bible during this unforgettable moment

#history #bible #faith #shawnryanshow #podcast",success,3,2025-12-26T10:55:13.932173,2025-12-26T11:00:49.099843,,0,3,,,,,,
DPonv-dEUuP-2.mp4_podcast,rustywatermeal,C:\Users\asus\Desktop\projects\geelark-automation\campaigns\podcast\videos\chunk_01a\hormozi\DPonv-dEUuP-2.mp4,"When @hormozi talks about sacrifice, he's pointing at the real cost of ambition‚Äîthe friendships that quietly fade while we're busy chasing wins that eventually lose their shine.

The people who knew you before the success? Those connections don't multiply with your net worth.

#friendship #success #relationships #personalgrowth #lifelessons #priorities #realtalk #mindset #wealthy #business #entrepreneur #motivation",success,4,2025-12-26T10:55:32.322923,2025-12-26T11:02:10.351712,,0,3,,,,,,
DQ5EtWqkfSK-2.mp4_podcast,RoughConcreteShifter,C:\Users\asus\Desktop\projects\geelark-automation\campaigns\podcast\videos\chunk_01a\profgalloway\DQ5EtWqkfSK-2.mp4,"Nicole Wallace and @profgalloway sat down for a conversation on her MSNBC podcast. Catch the full episode through his stories or head to MSNBC's YouTube channel.

#MSNBC #Podcast #NicoleWallace #Media #Interview #Politics #News #PodcastEpisode",success,0,2025-12-26T10:55:56.769366,2025-12-26T11:01:08.131043,,0,3,,,,,,
DQhswdsEi2v-1.mp4_podcast,reddyplayerwonton,C:\Users\asus\Desktop\projects\geelark-automation\campaigns\podcast\videos\chunk_01a\icedcoffeehour\DQhswdsEi2v-1.mp4,"**112 subpoenas.** That's the staggering number Eric Trump had to deal with, and @icedcoffeehour breaks down exactly why it happened. The legal pressure was intense, but what led to this unprecedented situation? This deep dive reveals the investigations, the legal battles, and the political storm that put Eric in the hot seat.

#EricTrump #TrumpFamily #Politics #LegalNews #Subpoena #PoliticalNews #Investigation #NewsBreakdown #CurrentEvents #PoliticsExplained #TrumpOrganization #LegalAnalysis #PodcastClips",success,3,2025-12-26T10:56:04.223058,2025-12-26T11:00:18.257653,,0,3,,,,,,
DOKLRorjJzW-1.mp4_podcast,lucysplainyoself,C:\Users\asus\Desktop\projects\geelark-automation\campaigns\podcast\videos\chunk_01b\drmikeclips\DOKLRorjJzW-1.mp4,"Looking at that last rep has everyone asking the same question üëÄ @thorbjornsson might've had one more in the tank, or maybe not ü§£ @drmikeclips captures the moment of truth at the iconic @thorspowergym where @drmikeisraetel witnesses the breathing-heavy finale

#bodybuilding #fitness #gym #workout #fitnessmotivation #training #motivation #muscle #fit #gymlife #gymmotivation #lifestyle #fitfam #exercise #gains #strength #coach #health",success,2,2025-12-26T10:57:27.405925,2025-12-26T11:00:57.069165,,0,3,,,,,,
DRiZpH4greO-2.mp4_podcast,LoomedTwillHook,C:\Users\asus\Desktop\projects\geelark-automation\campaigns\podcast\videos\chunk_01c\russellbrand\DRiZpH4greO-2.mp4,"The Epstein files reportedly contain names of 20 men, with Barclays' CEO among them‚Äîaccording to Thomas Massie's recent statements, as shared by @russellbrand

#ThomasMassie #EpsteinFiles #Barclays #CEO #Transparency #Accountability #Truth #Politics #News #Viral #Trending #Exposed",success,1,2025-12-26T10:59:17.777415,2025-12-26T11:02:48.976516,,0,3,,,,,,
DMssSWipkH6-2.mp4_podcast,LockedVaultDuster,C:\Users\asus\Desktop\projects\geelark-automation\campaigns\podcast\videos\chunk_01a\theadamcarollashow\DMssSWipkH6-2.mp4,A question that keeps coming up: California's budget doesn't add up. @theadamcarollashow breaks down where the disconnect is happening and why residents are noticing the gap between taxes paid and services received. The math isn't mathing in the Golden State. #california #government #gavinnewsom #wheresthemoney #losangeles #explore,success,3,2025-12-26T11:00:28.301774,2025-12-26T11:04:54.914429,,0,3,,,,,,
DQzbccxD0XJ-1.mp4_podcast,HollowedBoneVessels,C:\Users\asus\Desktop\projects\geelark-automation\campaigns\podcast\videos\chunk_01b\ultimatehumanpod\DQzbccxD0XJ-1.mp4,"The body's healing power isn't unlimited‚Äîand your skincare routine might be draining it faster than you think.

In this eye-opening conversation, @drbarbarasturm breaks down how aggressive exfoliation and barrier damage force your system to work overtime, depleting the very resources (collagen, elastin, fibrin) that keep skin resilient long-term. Real skin health? It's built from blood flow and regeneration, not surface-level quick fixes. Redness and tightness after your routine aren't signs it's ""working""‚Äîthey're your skin waving a red flag.

Stop stealing from your future self. @ultimatehumanpod dives deep into the science behind sustainable skincare.

üëáüèª Comment ""SKIN"" for the full episode link.

#skincare #drbarbarasturm #skinhealth #healthyskin #skincareroutine #collagen #antiaging #skintok #beautytips #skincaretips #glowingskin #skinbarrier",success,3,2025-12-26T11:00:59.156240,2025-12-26T11:04:47.167327,,0,3,,,,,,
DQm4NGTiXAI-2.mp4_podcast,FrozenGearSmoker,C:\Users\asus\Desktop\projects\geelark-automation\campaigns\podcast\videos\chunk_01b\shawnryanshow\DQm4NGTiXAI-2.mp4,"A medical professional drops a bombshell about a popular trend permanently damaging men's health. The full breakdown comes from @shawnryanshow and it's not what anyone expected.

#menshealth #didyouknow #doctor #shawnryanshow #podcast",success,4,2025-12-26T11:01:03.282870,2025-12-26T11:03:47.718627,,0,3,,,,,,
DPAQjbrkR42-2.mp4_podcast,filbertthesmasher,C:\Users\asus\Desktop\projects\geelark-automation\campaigns\podcast\videos\chunk_01c\drmikeclips\DPAQjbrkR42-2.mp4,"@drmikeclips weighs in on the 10-minute backwards walking protocol and wants to hear YOUR take. Are you brave enough to give this one a shot?

Full breakdown available on the @rpstrength YouTube channel
üìπÔ∏è Exercise Scientist Critiques Knees Over Toes Guy

#backwardswalking #exercisescience #kneesovertoesrpstrength #fitnessreview #workoutanalysis #strengthtraining #exercisephysiology #trainingtips #fitnesstips #sciencebasedfitness #workoutroutine #fitnessexpert #exerciseanalysis #rpstrength",success,2,2025-12-26T11:01:07.111325,2025-12-26T11:05:32.191963,,0,3,,,,,,
DHeVeqJSXYt-1.mp4_podcast,FallenBarkSwitch,C:\Users\asus\Desktop\projects\geelark-automation\campaigns\podcast\videos\chunk_01c\tonyrobbins\DHeVeqJSXYt-1.mp4,"The science of living longer and healthier just got its Hollywood moment üé¨ @tonyrobbins joins @edwardnortonofficial, @peterdiamandis, @mcuban, @steveaoki, @cbum and other visionaries in Longevity Hackers‚Äînow streaming on Apple TV and Amazon. This isn't your typical documentary. It's a deep dive into real breakthroughs that are transforming aging from inevitable decline into something we can actually control. Producer Ruben Figueres and director Michal Siewierski assembled the minds behind the movement, exploring the same revolutionary concepts Tony covers in Life Force and implements at Fountain Life. The future of healthspan isn't coming‚Äîit's already here üí™üî•

#longevity #tonyrobbins #healthspan #lifeforce #fountainlife #longevityhackers #biohacking #aging #wellness #documentary #health",success,0,2025-12-26T11:01:18.188038,2025-12-26T11:04:28.879348,,0,3,,,,,,
DQK14qlAWa2-1.mp4_podcast,EmptyFuelMatrix,C:\Users\asus\Desktop\projects\geelark-automation\campaigns\podcast\videos\chunk_01b\tuckercarlson\DQK14qlAWa2-1.mp4,"When ministers defend the indefensible‚ÄîChristian leaders rationalizing violence against their own faithful‚Äîthe moral compass has shattered. @tuckercarlson exposes this disturbing reality.

#Christianity #Christian #Faith #Church #Truth #Leadership #Accountability #SpeakTruth #MoralClarity #ReligiousFreedom",success,4,2025-12-26T11:02:20.399822,2025-12-26T11:06:14.602243,,0,3,,,,,,
DQ2y22alVwu-1.mp4_podcast,daisochunks,C:\Users\asus\Desktop\projects\geelark-automation\campaigns\podcast\videos\chunk_01a\drmikeclips\DQ2y22alVwu-1.mp4,"Lou Ferrigno understood something most gym-goers miss ‚Äì strategically backing off isn't weakness, it's wisdom. @drmikeclips breaks down why your best gains might come from knowing when NOT to push maximum effort. Feeling depleted? Scale back or skip entirely. That's not quitting, that's intelligent training. üí™

FULL VIDEO: Exercise Scientist Critiques The PHENOMENAL Lou Ferrigno

#fitness #gym #workout #bodybuilding #fitnessmotivation #gymmotivation #training #muscle #fit #motivation #lifestyle #strong #gains #louferrigno #exercisescience #trainingtips #restday #recovery",success,1,2025-12-26T11:05:20.206846,2025-12-26T11:07:41.350985,,1,3,2025-12-26T11:10:10.165018,,,,,
DQunoWkkmqR-1.mp4_podcast,contibonit,C:\Users\asus\Desktop\projects\geelark-automation\campaigns\podcast\videos\chunk_01a\jockowillink\DQunoWkkmqR-1.mp4,"Every excuse sounds reasonable until you count the cost. @jockowillink breaks down the math nobody wants to calculate‚Äîthe compound interest of small failures, the hidden price of cutting corners, the running total of compromised standards. The numbers always tell the truth.

#discipline #jockopodcast #jockowillink #echelonfront #leadership #motivation #disciplineequalsfreedom #mindset #success #getafterit #extremeownership #accountability",success,4,2025-12-26T11:06:23.319592,2025-12-26T11:09:01.021034,,1,3,2025-12-26T11:11:13.264160,,,,,
DNYIqGhqdjZ-2.mp4_podcast,ClosedCircuitMute,C:\Users\asus\Desktop\projects\geelark-automation\campaigns\podcast\videos\chunk_01b\podsaveamerica\DNYIqGhqdjZ-2.mp4,"Governor Gavin Newsom draws a line in the sand, distinguishing UCLA's approach from Ivy League institutions like Harvard, Brown, Penn, and Columbia when it comes to institutional integrity.

Via @podsaveamerica

#PodSaveAmerica #CrookedMedia #Trump #ICE",success,0,2025-12-26T11:04:38.938954,2025-12-26T11:08:02.262349,,0,3,,,,,,
DL7xNjCPSr4-1.mp4_podcast,bondsgoldengun,C:\Users\asus\Desktop\projects\geelark-automation\campaigns\podcast\videos\chunk_01b\jayshetty\DL7xNjCPSr4-1.mp4,"@jayshetty sits down with @naraaziza for a powerful conversation you don't want to miss üéôÔ∏è They dive deep into finding your center when everything around you is moving at lightning speed, plus the art of protecting your peace in the digital age. Drop a ""YES"" in the comments and the full episode lands in your DMs üëá

#JayShetty #Podcast #MentalHealth #SelfCare #Mindfulness #PersonalGrowth #SocialMediaBoundaries #InnerPeace #Wellness #SelfDevelopment #PodcastEpisode #DeepConversations",success,3,2025-12-26T11:04:57.210090,2025-12-26T11:09:20.888576,,0,3,,,,,,
DOFaksukbHp-1.mp4_podcast,blackietheblackest,C:\Users\asus\Desktop\projects\geelark-automation\campaigns\podcast\videos\chunk_01a\askvinh\DOFaksukbHp-1.mp4,"When words get stuck, silence becomes your secret weapon ü§´ @askvinh breaks down why pausing beats filler words every time.

#communicationskills",success,3,2025-12-26T11:07:39.815505,2025-12-26T11:10:43.859529,,1,3,2025-12-26T11:12:29.757305,,,,,
DGRT1_9O7mF-2.mp4_podcast,basilthymeoregano,C:\Users\asus\Desktop\projects\geelark-automation\campaigns\podcast\videos\chunk_01a\foundmyfitness\DGRT1_9O7mF-2.mp4,"The data doesn't lie: physical inactivity kills at the same rate as smoking, heart disease, and diabetes. Yet resistance training remains criminally undervalued.

@foundmyfitness recently testified before the Senate Aging Committee, delivering a wake-up call backed by hard science. The muscle loss statistics alone are staggering - 10% gone by age 50, up to 40% by 70 for many Americans.

But here's what matters most: higher muscle mass slashes mortality risk by 30% through improved insulin sensitivity. Grip strength outperforms blood pressure as a cardiovascular death predictor. The strongest middle-aged adults cut their dementia risk by 42%.

This testimony before @senateaging, made possible by Senator Rick Scott (@flsenrickscott), reframes resistance training from optional fitness activity to essential medical intervention - our most powerful weapon against aging, period.

Full testimony with Q&A now live on the FoundMyFitness YouTube channel.

#longevity #healthspan #aging #resistancetraining #musclemass #fitness #science #health #wellness #preventivemedicine",success,2,2025-12-26T11:05:42.248071,2025-12-26T11:09:26.546350,,0,3,,,,,,
DRCKiFzETxv-1.mp4_podcast,AgedWalnutThrones,C:\Users\asus\Desktop\projects\geelark-automation\campaigns\podcast\videos\chunk_01b\alexjones.tv\DRCKiFzETxv-1.mp4,"@alexjones.tv breaks down the lawsuit involving Kash Patel's girlfriend taking legal action against Kyle Seraphin and Elijah Schaffer in this November 13th, 2025 segment. When high-profile names collide in court, Alex has the details.

#infowars #trumpwon #maganews",success,4,2025-12-26T11:06:24.644049,2025-12-26T11:10:12.004048,,0,3,,,,,,
DOWxF-0EvhH-1.mp4_podcast,speckles_is_here,C:\Users\asus\Desktop\projects\geelark-automation\campaigns\podcast\videos\chunk_01b\charliekirk1776\DOWxF-0EvhH-1.mp4,"Charlie Kirk lets the facts speak for themselves on this one üéØ

Credit: @charliekirk1776

#charliekirk #turningpointusa #tpusa #conservative #politics #truth #america #americafirst #maga #trump #republican #conservatives #patriot #usa #freedom #liberty #politicalmemes #political",success,1,2025-12-26T11:07:51.427319,2025-12-26T11:12:32.724137,,0,3,,,,,,
DGllwO-vSw--2.mp4_podcast,rushhourresponse,C:\Users\asus\Desktop\projects\geelark-automation\campaigns\podcast\videos\chunk_01a\thejrecompanion\DGllwO-vSw--2.mp4,"When Woody Harrelson drops wisdom on JRE Episode 2277, you know it hits different. @thejrecompanion brings you this moment from their conversation that just makes sense.

Woody Harrelson: @woodyharrelson
Joe Rogan: @joerogan

Full episode linked in bio and highlights.

#woodyharrelson #joerogan #jre2277 #thejrecompanion #jre #jrewoodyharrelson #joeroganpodcast #joeroganexperience",success,0,2025-12-26T11:08:12.333559,2025-12-26T11:11:57.823632,,0,3,,,,,,
DPw3OJEEmj0-2.mp4_podcast,redcarelesscrocs,C:\Users\asus\Desktop\projects\geelark-automation\campaigns\podcast\videos\chunk_01a\icedcoffeehour\DPw3OJEEmj0-2.mp4,"The downfall of Stable Ronaldo's bank account is a cautionary tale you need to hear üí∏

From content creator success to financial struggle‚Äîthis story breaks down exactly what went wrong. Watch as @icedcoffeehour unpacks the money mistakes that led to one of gaming's biggest names losing it all.

#StableRonaldo #ContentCreator #GamingNews #FinancialAdvice #MoneyMistakes #StreamerLife #GamingCommunity #ViralMoments",success,4,2025-12-26T11:09:11.078431,2025-12-26T11:11:02.286138,,0,3,,,,,,
DRNJC4zik8r-1.mp4_podcast,ogtylerguy,C:\Users\asus\Desktop\projects\geelark-automation\campaigns\podcast\videos\chunk_01b\restispolitics\DRNJC4zik8r-1.mp4,"Chinese intelligence operatives are running fake recruitment schemes to target UK officials, according to MI5's latest warning. @restispolitics breaks down this alarming espionage tactic where spies masquerade as headhunters to extract sensitive information from unsuspecting professionals in government and defense sectors.

#MI5 #NationalSecurity #Espionage #China #Intelligence #UKPolitics #RestIsPolitics #CyberSecurity #SpyGames #GeopoliticalNews #DefenseSecurity",success,3,2025-12-26T11:09:30.947168,2025-12-26T11:12:30.516147,,0,3,,,,,,
DAPYOhfPJEx-1.mp4_podcast,milkyjersey.trainer,C:\Users\asus\Desktop\projects\geelark-automation\campaigns\podcast\videos\chunk_01c\hubermanlab\DAPYOhfPJEx-1.mp4,"Martha Beck's ability to transform abstract concepts into actionable steps caught @hubermanlab's attention years ago, and their recent podcast conversation proved why her work resonates with millions. Her new book ""Beyond Anxiety: Curiosity, Creativity, and Finding Your Life's Purpose"" is now available for presale‚Äîa resource he describes as spectacular and unlike anything else in personal development. The book emerged as an answer to countless listeners who wanted more of the somatic and narrative tools Martha shared during what became one of the podcast's most popular episodes. He emphasizes having zero financial ties to the work, just genuine appreciation for how it guides people toward their essential self and best possible life. Available on Amazon, Audible, and everywhere books are sold.

#neuroscience #science #ciencia #neurociencia #life #essential #self #beyondanxiety #marthabeck #create",success,2,2025-12-26T11:09:36.611414,2025-12-26T11:12:52.922552,,0,3,,,,,,
DRdD2suEdo1-2.mp4_podcast,markatetwobananas,C:\Users\asus\Desktop\projects\geelark-automation\campaigns\podcast\videos\chunk_01b\ryanholiday\DRdD2suEdo1-2.mp4,"When @ryanholiday says prioritize books over articles, there's wisdom worth listening to. His live show in Seattle, WA on December 3rd goes deeper into Stoic philosophy‚Äîtickets available at dailystoiclive.com

#stoicism #stoic #philosophy #stoicphilosophy #reading #books #wisdom #mindset #personalgrowth #selfimprovement #dailystoic",success,4,2025-12-26T11:10:22.068636,2025-12-26T11:13:22.481432,,0,3,,,,,,
DQUfoZ3iaHB-2.mp4_podcast,marblebasecase,C:\Users\asus\Desktop\projects\geelark-automation\campaigns\podcast\videos\chunk_01a\shawnryanshow\DQUfoZ3iaHB-2.mp4,"When California's most controversial governor sits down for a conversation, the polarizing responses speak volumes. @shawnryanshow opens up about the decision to bring Gavin Newsom onto the platform and what viewers can expect from their dialogue.

#shawnryanshow #podcast",success,3,2025-12-26T11:10:53.905091,2025-12-26T11:15:17.961911,,0,3,,,,,,
DLWdYzrsog7-2.mp4_podcast,lupethelooper,C:\Users\asus\Desktop\projects\geelark-automation\campaigns\podcast\videos\chunk_01a\russellbrand\DLWdYzrsog7-2.mp4,"‚ö° The power struggle nobody saw coming ‚Äì @russellbrand breaks down what's really happening between Elon Musk and Donald Trump as tensions reach a boiling point.

#russellbrand #elonmusk #donaldtrump #politics #news #podcast #viral #trending",success,4,2025-12-26T11:11:12.341795,2025-12-26T11:17:40.835530,,0,3,,,,,,
DOoZ65PiSVC-1.mp4_podcast,FusedMercurySpike,C:\Users\asus\Desktop\projects\geelark-automation\campaigns\podcast\videos\chunk_01c\codiesanchez\DOoZ65PiSVC-1.mp4,"@codiesanchez breaks down the real money-maker at car dealerships (hint: it's not the cars). Episode 4 of her ""Economics Of"" Series reveals why these businesses are secretly finance operations in disguise. Drop OWN IT below for your weekend event invite‚Äî3 days left to claim your spot.

#BusinessStrategy #Economics #Entrepreneurship #Finance #CarDealership #BusinessEducation #WealthBuilding #PassiveIncome #SmallBusiness #BusinessOwner",success,0,2025-12-26T11:12:07.881223,2025-12-26T11:17:10.257109,,0,3,,,,,,
DRQE0TBk22a-1.mp4_podcast,DarkLichenCoded,C:\Users\asus\Desktop\projects\geelark-automation\campaigns\podcast\videos\chunk_01b\theovon\DRQE0TBk22a-1.mp4,"Theo Von breaks down the real difference between day people and night people, and honestly? He's got a point üòÇ @theovon

#theovon #theo #podcast #podcastclips #funny #standup #standupcomedy #comedyvideos #foryou",success,3,2025-12-26T11:12:40.595166,2025-12-26T11:16:17.964623,,0,3,,,,,,
DEqbxmty4_A-1.mp4_podcast,choice.jonestown,C:\Users\asus\Desktop\projects\geelark-automation\campaigns\podcast\videos\chunk_01b\theovon\DEqbxmty4_A-1.mp4,"The legendary @theovon linking up with @joerogan to share some real talk üá≤üáΩüôè

#theovon #joerogan #jre #podcast #comedy #standup #comedian #funny #podcasting #comedycentral #theo #joeroganpodcast #jreclips",success,1,2025-12-26T11:12:42.777598,2025-12-26T11:16:33.762832,,0,3,,,,,,
DIwPcNHxvbv-1.mp4_podcast,BrokenRockPace,C:\Users\asus\Desktop\projects\geelark-automation\campaigns\podcast\videos\chunk_01b\simonsinek\DIwPcNHxvbv-1.mp4,"The paradox of summiting: When you've conquered the world's highest peaks, where do you climb next? @simonsinek sits down with @coryrichards‚Äîmountain climber, photographer, and filmmaker‚Äîto explore what happens after reaching the top. From the Himalayas to rock bottom, Cory opens up about mental health battles, the fine line between survival and resilience, and the stories that changed everything. Part 1 drops now üéß

#SimonSinek #Podcast #MentalHealth #Resilience #Leadership #Inspiration #Mindset #PersonalGrowth #Mountaineering #Adventure",success,2,2025-12-26T11:13:02.984345,2025-12-26T11:17:13.459582,,0,3,,,,,,
DM3l1VSPq7L-1.mp4_podcast,ApexStratagem,C:\Users\asus\Desktop\projects\geelark-automation\campaigns\podcast\videos\chunk_01a\officialbenshapiro\DM3l1VSPq7L-1.mp4,"The Garden of Eden meets YouTube culture in this hilarious take from @officialbenshapiro. Picture it: daily uploads, forbidden fruit mukbangs, and the world's first ""we need to talk"" video. Before the fall, there was premium content.

#benshapiro #comedy #bible #humor #viral #fyp #reels #trending #funny #christian #faith #relatable #memes",success,4,2025-12-26T11:13:32.546524,2025-12-26T11:16:37.546525,,0,3,,,,,,
DKh1IdpJaQp-1.mp4_podcast,clipsonpodcast,C:\Users\asus\Desktop\projects\geelark-automation\campaigns\podcast\videos\chunk_01a\teamcocopodcasts\DKh1IdpJaQp-1.mp4,"Stephen Merchant reveals how the legendary sitcom #Cheers left its mark on shaping #TheOffice. According to the co-creator, the influence runs deeper than most fans realize. üé¨

via @teamcocopodcasts | #WEKYN",success,4,2025-12-26T11:21:14.415219,2025-12-26T11:23:57.778161,,2,3,2025-12-26T11:26:11.412327,,,,,
DPBty5HEUID-2.mp4_podcast,podsnipworks,C:\Users\asus\Desktop\projects\geelark-automation\campaigns\podcast\videos\chunk_01b\askvinh\DPBty5HEUID-2.mp4,"When the smartest person in the room suddenly can't string two sentences together... üòÖ

That freeze-up moment when someone asks you a question and your brain decides to either go completely blank or turn into a rambling mess? @askvinh breaks down exactly why this happens (and how to fix it) in a recent YouTube video.

Drop ""FREEZE"" in the comments to get the link sent straight to your DMs üí¨

#communication #communicationskills #socialskills #confidence #selfimprovement #personaldevelopment #overthinking #socialanxiety #publicspeaking #conversation",failed,3,2025-12-26T11:16:28.009805,2025-12-26T11:18:51.634005,"logged_out: create new account - Vision analysis: This screenshot shows Instagram's login screen, indicating the user has been logged out of their account. The screen displays the standard login interface with fields for username/email/phone and password, plus options to reset password or create a new account. The user needs to log back into their existing account or create a new one to continue using the app - any posting attempt failed because they're not authenticated.",1,3,,logged_out,account,,,
DIMxonqBkSB-1.mp4_podcast,talkgembytes,C:\Users\asus\Desktop\projects\geelark-automation\campaigns\podcast\videos\chunk_01b\michaeljknowles\DIMxonqBkSB-1.mp4,"In a fiery campus exchange, @michaeljknowles dismantles the arguments of a woke student defending BLM and the narrative of systemic racism

#MichaelKnowles #WokeAgenda #BLM #SystemicRacism #CampusDebate #Conservative #PoliticalDebate #CollegeCampus #Woke #CriticalThinking #FreeSpeech #Politics",success,1,2025-12-26T11:16:43.841711,2025-12-26T11:19:15.685007,,0,3,,,,,,
DDRzUNnOK8H-2.mp4_podcast,castreelworks,C:\Users\asus\Desktop\projects\geelark-automation\campaigns\podcast\videos\chunk_01a\thejrecompanion\DDRzUNnOK8H-2.mp4,"Already 6 feet tall, Brian Sanchez decided to gain 7 more inches through double limb-lengthening surgery‚Äînot for height itself, but because he felt his proportions were off. The 33-year-old mortgage broker from Georgia compared his natural build to the ""Thumb Thumbs"" from Spy Kids, believing his legs were too short for his torso.

Two separate procedures in Turkey at the Live Life Taller clinic‚Äîone breaking and extending his tibia and fibula in December 2022, another lengthening his femurs in March 2023‚Äîbrought him to nearly 6'7"". Total investment: $106,000.

His wife Nidia, standing at 5'10"", now has a drastically different view when they're together. While critics questioned why someone already above average height would pursue such extreme measures, Sanchez expressed complete satisfaction with his decision and new perspective.

The story, discussed on The Joe Rogan Experience with Derek from More Plates More Dates, raises questions about where personal body autonomy meets unconventional choices. @thejrecompanion breaks down the full conversation in the episode links.

Follow @moreplatesmoredates
Follow @joerogan

#moreplatesmoredates #jrec2239 #joerogan #thejrecompanion #jremoreplatesmoredates #joeroganpodcast #joeroganexperience #jre",success,4,2025-12-26T11:16:47.620034,2025-12-26T11:21:04.366681,,0,3,,,,,,
DRdjVK1krjn-1.mp4_podcast,viraltalkfeed,C:\Users\asus\Desktop\projects\geelark-automation\campaigns\podcast\videos\chunk_01b\hormozi\DRdjVK1krjn-1.mp4,"@hormozi explains why everyone gets branding wrong: they confuse understanding with execution. The concept is straightforward‚Äîthe consistent implementation? That's where most businesses fail.

#business #entrepreneur #brandstrategy #marketing #entrepreneurship #businessgrowth #brandbuilding #marketingtips #businessstrategy #entrepreneurmindset",success,0,2025-12-26T11:19:56.499611,2025-12-26T11:21:54.798107,,1,3,2025-12-26T11:24:46.436537,,,,,
DQuzRwdkavu-2.mp4_podcast,reelpodsector,C:\Users\asus\Desktop\projects\geelark-automation\campaigns\podcast\videos\chunk_01b\megynkellyshow\DQuzRwdkavu-2.mp4,"Tucker Carlson isn't holding back his approval of Trump's approach ‚Äì from awarding ""huge style points"" to backing his stance on border security and crime. @megynkellyshow captures the full conversation.

#megynkellyshow",success,3,2025-12-26T11:19:57.479762,2025-12-26T11:24:39.636476,,1,3,2025-12-26T11:24:46.289057,,,,,
DPwVUTbFLNE-1.mp4_podcast,apodwavecentral,C:\Users\asus\Desktop\projects\geelark-automation\campaigns\podcast\videos\chunk_01b\hormozi\DPwVUTbFLNE-1.mp4,"Alex Hormozi breaks down the counterintuitive truth about achievement: subtraction beats addition. Most people keep piling on goals, commitments, and distractions‚Äîbut the real winners? They ruthlessly eliminate everything that doesn't serve their main objective.

It's not about doing more. It's about doing less of what doesn't count.

Credit: @hormozi

#alexhormozi #focus #priorities #entrepreneurmindset #successmindset #personalgrowth #selfimprovement #motivationmonday #businessstrategy #goaldigger #timemanagement #productivityhacks #entrepreneurlife #growthmindset #hustleculture",success,4,2025-12-26T11:17:50.884838,2025-12-26T11:20:59.872507,,0,3,,,,,,
DQ5ua3eDPaj-1.mp4_podcast,micdropchannel,C:\Users\asus\Desktop\projects\geelark-automation\campaigns\podcast\videos\chunk_01a\profgalloway\DQ5ua3eDPaj-1.mp4,"Curtis Sliwa brought the energy to launch @profgalloway's NYC show! The legend himself set the tone for an unforgettable night.

#PivotTour",success,3,2025-12-26T11:19:01.687081,2025-12-26T11:22:09.538442,,0,3,,,,,,
DPelZv2EebZ-2.mp4_podcast,viralmicstudio,C:\Users\asus\Desktop\projects\geelark-automation\campaigns\podcast\videos\chunk_01b\foundmyfitness\DPelZv2EebZ-2.mp4,"What if your bedroom has become the problem? Dr. Michael Grandner reveals how chronic insomnia rewires the brain to treat your bed as a threat‚Äîand how to undo it.

This conversation with @foundmyfitness covers the science of retraining your sleep patterns, the hidden epidemic of undiagnosed sleep apnea plus CPAP alternatives, and which supplements actually work (melatonin, magnesium, L-theanine‚Äîthe truth behind each).

Dr. Grandner also breaks down how caffeine, alcohol, THC, CBD, and late-night meals sabotage sleep architecture, plus tactical protocols for shift workers, frequent flyers, and anyone using sleep trackers.

From light exposure timing to bedtime routines that actually work, this episode delivers science-backed strategies you can start using tonight to fall asleep faster, stay asleep longer, and wake up genuinely rested.

Available now on YouTube, Spotify, and Apple Podcasts.

#sleep #insomnia #sleepscience #sleepapnea #circadianrhythm #sleepoptimization #melatonin #magnesium #sleephygiene #sleeproutine #sleepquality #podcast #foundmyfitness",success,1,2025-12-26T11:19:25.731956,2025-12-26T11:23:28.349533,,0,3,,,,,,
DJ_3K2tiRbf-1.mp4_podcast,quickpodsnaps,C:\Users\asus\Desktop\projects\geelark-automation\campaigns\podcast\videos\chunk_01b\themelrobbinspodcast\DJ_3K2tiRbf-1.mp4,"In a world obsessed with perfect choices, @themelrobbinspodcast drops truth: your next move matters more than making the ""right"" one. She dismantles the myth of wrong decisions and shows why forward motion beats frozen perfection. When overthinking has you stuck in place, this conversation rewires how you approach life's hardest calls.

üéß ""Trust Your Gut: How to Make a Hard Decision""

#decisionmaking #trustyourgut #overcomefear #analysisparalysis #personalgrowth #selfimprovement #confidence #movingforward #podcast #motivation #mindset #lifechoices #growthmindset #inspiration #selfdevelopment",success,4,2025-12-26T11:21:09.949097,2025-12-26T11:25:07.663810,,0,3,,,,,,
DKNiGNKv1P3-1.mp4_podcast,podmindstudio,C:\Users\asus\Desktop\projects\geelark-automation\campaigns\podcast\videos\chunk_01b\tuckercarlson\DKNiGNKv1P3-1.mp4,"The moment Sen. Ron Johnson began questioning the official narratives on 9-11, the COVID vax, and America's financial collapse, everything changed. @tuckercarlson sits down with him to hear what happens when a Senator dares to ask what others won't.

#TuckerCarlson #RonJohnson #COVID19 #September11 #NationalDebt #FreeSpeech #PoliticalCensorship #Senate #Congress #USPolitics #AmericanPolitics #QuestionEverything #TruthSeeker",success,4,2025-12-26T11:24:07.850588,2025-12-26T11:27:22.242382,,1,3,2025-12-26T11:28:59.895810,,,,,
DN6igdzjjlw-2.mp4_podcast,talktrackhub,C:\Users\asus\Desktop\projects\geelark-automation\campaigns\podcast\videos\chunk_01a\officialbenshapiro\DN6igdzjjlw-2.mp4,"A Minneapolis elementary student shares what happened during the school shooting. @officialbenshapiro covered this powerful testimony from the 10-year-old witness.

#minnesota #minneapolis #schoolshooting #shooting #news #benshapiro #dailywire",success,0,2025-12-26T11:22:04.858372,2025-12-26T11:25:27.594029,,0,3,,,,,,
DN8JeVijmyB-2.mp4_podcast,kianinspired,C:\Users\asus\Desktop\projects\geelark-automation\campaigns\podcast\videos\chunk_01c\garyvee\DN8JeVijmyB-2.mp4,"The ones who show up every single day without the spotlight? @garyvee made this one for them.

Not the celebrities or public figures‚Äîbut the people grinding with loyalty, resilience, and grit. The ones who carry their families with accountability and patience, no matter what life throws at them.

They deserve the recognition.

Tag someone below who embodies this energy and give them their flowers üíê

#inspiration #grit #love #garyvee",success,3,2025-12-26T11:22:19.607128,2025-12-26T11:25:55.998267,,0,3,,,,,,
DOKIfZGkh38-2.mp4_podcast,sonbankinspired,C:\Users\asus\Desktop\projects\geelark-automation\campaigns\podcast\videos\chunk_01c\teamcocopodcasts\DOKIfZGkh38-2.mp4,"Tony Hawk's comfort zone? Definitely four wheels over ocean waves. According to @teamcocopodcasts, the skateboarding legend admits surfboards just aren't his thing. #Literally #TonyHawk #Skateboarding #ConanOBrien #PodcastClips #TeamCoco",success,1,2025-12-26T11:23:38.429501,2025-12-26T11:27:42.997574,,0,3,,,,,,
DQk5288Ev1X-2.mp4_podcast,walinspired,C:\Users\asus\Desktop\projects\geelark-automation\campaigns\podcast\videos\chunk_01a\hormozi\DQk5288Ev1X-2.mp4,"The difference between making millions and keeping millions? One simple shift in perspective.

@hormozi breaks down why so many people hit seven figures only to lose it all‚Äîand how to make sure you're not one of them. It's not about earning more, it's about thinking differently about what you already have.

#millionaire #wealthmindset #moneymindset #financialfreedom #entrepreneurship #businesstips #wealthbuilding #millionairemindset #successtips #businessgrowth #entrepreneurlife #moneytips",success,2,2025-12-26T11:24:09.959851,2025-12-26T11:29:24.107935,,0,3,,,,,,
DHdpIuVuwNA-1.mp4_podcast,emersoninspired,C:\Users\asus\Desktop\projects\geelark-automation\campaigns\podcast\videos\chunk_01c\thejrecompanion\DHdpIuVuwNA-1.mp4,"Josh Waitzkin breaks down why the competitive rush toward AI development might be humanity's biggest blindspot‚Äîa perspective that'll make you rethink everything about technological progress.

From The Joe Rogan Experience Episode 2292, brought to you by @thejrecompanion

Stream the full conversation‚Äîepisode links in bio.

Follow @joerogan

#joshwaitzkin #joerogan #jre2292 #thejrecompanion #jre #jrejoshwaitzkin #joeroganpodcast #joeroganexperience",success,3,2025-12-26T11:24:49.710564,2025-12-26T11:28:36.532384,,0,3,,,,,,
DNuogOmRHMX-2.mp4_podcast,dennwilsoninspired,C:\Users\asus\Desktop\projects\geelark-automation\campaigns\podcast\videos\chunk_01b\restispolitics\DNuogOmRHMX-2.mp4,"Money talks louder than missiles in Moscow's playbook. üí∏

Russia's strategy isn't just about military force‚Äîit's about weaponizing wealth to manipulate and destabilize. @restispolitics breaks down how financial influence has become the Kremlin's most dangerous export.

#RestIsPolitics #Russia #Geopolitics #PoliticalPodcast #Putin #GlobalPolitics #WorldNews #Corruption #PoliticalAnalysis #CurrentAffairs #InternationalRelations #PoliticalDiscussion #PodcastClips",success,4,2025-12-26T11:25:17.710219,2025-12-26T11:29:14.501116,,0,3,,,,,,
DNIpqdTt_yx-2.mp4_podcast,neilinspired,C:\Users\asus\Desktop\projects\geelark-automation\campaigns\podcast\videos\chunk_01c\ultimatehumanpod\DNIpqdTt_yx-2.mp4,"Joy isn't meant to be a distant memory from your past. Dr. Judith Joseph breaks down anhedonia‚Äîwhen happiness feels impossible to grasp, even in moments that should light you up. This isn't about hustling harder or ""adulting."" It's about reclaiming what you were designed to experience.

Catch the full conversation with @drjudithjoseph on @ultimatehumanpod to understand why settling for numbness was never the plan.

üëá Comment ""JOY"" below for the complete episode in your DMs.

#anhedonia #mentalhealth #mentalhealthawareness #joy #happiness #depression #burnout #purpose #selfcare #wellness #healing #therapy #podcast #podcastclips #ultimatehumanpod",success,0,2025-12-26T11:25:37.653185,2025-12-26T11:29:28.971934,,0,3,,,,,,
DRADo66EdvU-2.mp4_podcast,angelapenninspired,C:\Users\asus\Desktop\projects\geelark-automation\campaigns\podcast\videos\chunk_01a\therealbradlea\DRADo66EdvU-2.mp4,"@therealbradlea flips Eminem into something completely unexpected‚Äîand the result hits different. This soulful reimagining proves the bars hold up in any genre. üé§‚ú®

#eminem #soul #music #cover #acoustic #hiphop #rap #soulmusic #musiccover #viral #fyp",success,3,2025-12-26T11:26:06.059592,2025-12-26T11:29:19.753892,,0,3,,,,,,
DHloiWHAhpz-1.mp4_podcast,carlooinspired,C:\Users\asus\Desktop\projects\geelark-automation\campaigns\podcast\videos\chunk_01a\legionofskanks\DHloiWHAhpz-1.mp4,"@bertkreischer thought he could take on @50cent and the @legionofskanks crew breaks down how that would actually go down üíÄ

#LegionOfSkanks live every Monday at 8PM E only on @gasdigital",success,4,2025-12-26T11:31:25.060941,2025-12-26T11:35:59.202378,,2,3,2025-12-26T11:36:14.993183,,,,,
DMQl5NCS0zV-2.mp4_podcast,penelopeinspired,C:\Users\asus\Desktop\projects\geelark-automation\campaigns\podcast\videos\chunk_01c\joeroganexperience\DMQl5NCS0zV-2.mp4,"A sit-down with Texas State Representative James Talarico (@jamestalarico), who represents District 50 in the Texas House. @joeroganexperience dives into conversation with the Democratic lawmaker in episode 2352.

www.jamestalarico.com

#JoeRogan #JRE #JoeRoganExperience #JoeRoganPodcast #Podcast #JamesTalarico #Texas #Politics #TexasPolitics #Democrat #StateRepresentative",success,1,2025-12-26T11:27:53.045834,2025-12-26T11:31:19.149446,,0,3,,,,,,
DQVJE-AAtao-2.mp4_podcast,yourmindfuelpod,C:\Users\asus\Desktop\projects\geelark-automation\campaigns\podcast\videos\chunk_01b\mastersofscale\DQVJE-AAtao-2.mp4,"When The New York Times drew a line in the sand on AI, it sent ripples through the entire media industry.

Meredith Kopit Levien, President & CEO of @nytimes, sat down with @robertsafian, host of @rapidresponseshow, at Masters of Scale Summit to break down the tough calls media leaders face: protecting intellectual property while adapting to technological change.

The full conversation with @mastersofscale dives into what sustainable AI practices actually look like in modern journalism.

Link in bio.

#AI #journalism #media #tech #leadership #business #innovation #NewYorkTimes #MastersOfScale",success,3,2025-12-26T11:28:46.589613,2025-12-26T11:31:46.226859,,0,3,,,,,,
DRAr6Wbk85s-1.mp4_podcast,weriseandruminate,C:\Users\asus\Desktop\projects\geelark-automation\campaigns\podcast\videos\chunk_01b\dave.asprey\DRAr6Wbk85s-1.mp4,"The medical system tells us to introduce peanut butter slowly but delivers multiple vaccines at once‚Äî@dave.asprey highlights this inconsistency that parents are noticing. If we can't isolate a reaction to sweet potato, how do we track responses to 8 injections in a single appointment? The disconnect isn't about being anti-anything; it's about applying the same safety logic across the board. Parents are simply asking for consistency in how we measure risk during the most vulnerable stages of development.

Credit: @raising.lions.not.sheep_

@seckennedy @robertfkennedyjr

#InformedConsent #PediatricHealth #Parenting #HealthTransparency #BiohackingKids",success,4,2025-12-26T11:29:24.571967,2025-12-26T11:32:56.577810,,0,3,,,,,,
C_OXZniS5GT-1.mp4_podcast,madalynnnaustininspired,C:\Users\asus\Desktop\projects\geelark-automation\campaigns\podcast\videos\chunk_01c\foundmyfitness\C_OXZniS5GT-1.mp4,"The supplement world is full of hype, but creatine continues to prove itself through rigorous scientific scrutiny. @foundmyfitness breaks down why this compound deserves attention beyond the gym‚Äîfrom powering cellular energy through ATP production to emerging data suggesting cognitive enhancement during periods of mental strain and exhaustion.

One persistent concern? The hair loss myth. Dr. Layne Norton (@biolayne) addresses this head-on in his recent podcast appearance, clarifying that while one small study showed elevated DHT levels, no actual link to hair loss has been established in the research.

Daily dosing recommendations hover between 5-10 grams, and the old-school loading protocol is now considered unnecessary by most experts. Experiencing digestive issues? Split your dose into smaller servings throughout the day.

For the complete deep-dive into Layne's supplement recommendations, episode 94 of the FoundMyFitness podcast delivers three and a half hours of evidence-based insights. Stream it on Apple Podcasts, Spotify, or YouTube, with detailed show notes at foundmyfitness.com/episodes/layne-norton

#creatine #supplements #fitness #brain",success,3,2025-12-26T11:32:16.529206,2025-12-26T11:36:25.767451,,1,3,2025-12-26T11:37:14.581093,,,,,
DLluzH6y1Iz-1.mp4_podcast,itsempoweringhour,C:\Users\asus\Desktop\projects\geelark-automation\campaigns\podcast\videos\chunk_01b\jordanbpetersonfans\DLluzH6y1Iz-1.mp4,"The perspective shared here by jordan.b.peterson continues to spark important conversations across social media. This thought-provoking take demonstrates why his viewpoints resonate with millions seeking clarity in today's complex world. Credit goes to @jordanbpetersonfans for consistently sharing these powerful moments that challenge conventional thinking.

#jordanpeterson #jordanpetersonquotes #jordanbpeterson #jordanbpetersonquotes #psychology #lifelessons #tellthetruth #tellthetruthtuesday #speaktruth #speaktruthtopower #12rulesforlife #12morerulesforlife #societyfeelings #jordanpetersononsociety #bookstagram #googleads #marketingdigital #personality",success,2,2025-12-26T11:29:34.153315,2025-12-26T11:32:51.144627,,0,3,,,,,,
DNbWcD6SNjl-2.mp4_podcast,theheartandhustles,C:\Users\asus\Desktop\projects\geelark-automation\campaigns\podcast\videos\chunk_01b\theadamcarollashow\DNbWcD6SNjl-2.mp4,"The consistency is real ‚Äì @theadamcarollashow has been preaching this truth about family and education for years, and it hits even harder now üíØ

#FamilyAndEducation #AdamCarolla #ParentingTruth #EducationMatters #FamilyFirst #ParentingAdvice #RealTalk #SpeakingFacts #TimelessWisdom #PodcastClips",success,0,2025-12-26T11:29:39.037147,2025-12-26T11:32:37.929905,,0,3,,,,,,
DQ7OsBKiSQx-1.mp4_podcast,mysparkedthoughts,C:\Users\asus\Desktop\projects\geelark-automation\campaigns\podcast\videos\chunk_01b\shawnryanshow\DQ7OsBKiSQx-1.mp4,"When a SEAL Team 6 operator picks their sidearm, every detail matters. This is the pistol that made the cut.

via @shawnryanshow

#selfdefense #survival #navyseals #military #edc #shawnryanshow #podcast",success,1,2025-12-26T11:31:29.194655,2025-12-26T11:33:48.009963,,0,3,,,,,,
