job_id,account,video_path,caption,status,worker_id,claimed_at,completed_at,error,attempts,max_attempts,retry_at,error_type,error_category,pass_number
DOdoeqmDpNp-2.mp4_podcast,quickcutspod,C:\Users\asus\Desktop\projects\geelark-automation\campaigns\podcast\videos\chunk_01c\ultimatehumanpod\DOdoeqmDpNp-2.mp4,"200 episodes deep and The Ultimate Human Podcast just keeps delivering. On a reflective day like 9/11, with everything unfolding across the nation, @ultimatehumanpod puts the numbers into perspective‚Äî34M+ YouTube views, 14M+ podcast plays, 2.7M+ hours consumed, 500K+ subscribers, and 388K+ podcast followers. But beyond the metrics lies something greater: a mission built on truth, connection, and empowering people with knowledge to live longer, stronger lives. This community proves that meaningful content still matters. Here's to 200 more episodes of impact.

üëâ Comment 200 for the link to the full episode.

#UltimateHuman #PodcastMilestone #HealthPodcast #WellnessJourney #Longevity #TruthMatters #PodcastCommunity #200Episodes #HealthOptimization #HumanPerformance",success,1,2025-12-19T09:38:54.458041,2025-12-19T09:42:14.045030,,2,3,2025-12-19T09:43:49.016680,,,
DN0vHRq4sCw-1.mp4_podcast,podsnipline,C:\Users\asus\Desktop\projects\geelark-automation\campaigns\podcast\videos\chunk_01a\hormozi\DN0vHRq4sCw-1.mp4,"@hormozi breaks down what nobody tells you about the real game: the grind hits harder and lasts longer than your best guess. But here's the plot twist‚Äîthe win isn't the bank account. It's the version of yourself you had to become to earn it. That was always the prize.

#hormozi #alexhormozi #businessmindset #entrepreneurship #mindsetshift #personalgrowth #successmindset #entrepreneurlife #businessgrowth #mindsetmatters #growthmindset #entrepreneurmindset #selfimprovement #businessquotes",success,2,2025-12-19T09:34:38.448858,2025-12-19T09:41:13.502932,,0,3,,,,
DGEddghT3Yt-2.mp4_podcast,podreelsector,C:\Users\asus\Desktop\projects\geelark-automation\campaigns\podcast\videos\chunk_01c\foundr\DGEddghT3Yt-2.mp4,"A single blazer. ¬£12,000 in savings. Zero industry connections. That's all @aimeesmalex had when she walked away from corporate life to launch @oddmuselondon.

Fast forward to today: she's built a multi-million dollar fashion empire that's been copied by industry giants like PrettyLittleThing‚Äîand she's fought back to protect what she created.

@foundr's CEO & Founder @NathanChan sits down with Aimee to explore the unfiltered reality of building a global brand from scratch‚Äîthe product that sold out overnight, the funding tactics that eliminated the need for investors, and the precise moment she knew there was no turning back from her 9-5.

This conversation delivers the blueprint for turning an idea into an obsession-worthy brand, even when you're starting with nothing but belief and determination.

Search 'Foundr Aimee Smale' on YouTube to watch the full episode.

Drop your biggest takeaway in the comments after watching!

Comment ""PODCAST"" for a DM with the full conversation.

#entrepreneur #businesspodcast #fashionbrand #startupstory #womenentrepreneurs #buildinpublic #smallbusiness #brandstrategy #founderpodcast #businessgrowth",success,1,2025-12-19T09:40:01.042897,2025-12-19T09:43:14.684877,,2,3,2025-12-19T09:44:50.993068,,,
DKK9uTfBQ0E-2.mp4_podcast,podpunchdaily,C:\Users\asus\Desktop\projects\geelark-automation\campaigns\podcast\videos\chunk_01a\charliekirk1776\DKK9uTfBQ0E-2.mp4,"A profound question posed by @charliekirk1776 that cuts to the heart of human nature and morality. Throughout history, philosophers, theologians, and thinkers have wrestled with this very dilemma‚Äîare we born inherently good, or is goodness something we must choose and cultivate? The answer shapes everything from how we build societies to how we raise our children. Where do you stand on this timeless debate?

#debate #philosophy #moralquestions #humanvirtue #criticalthinking #worldview #ethics #morality #goodvsevil #charliekirk #tpusa #turningpointusa #conservativethought #politicaldebate #deepquestions",success,3,2025-12-19T09:35:38.482107,2025-12-19T09:41:34.961754,,0,3,,,,
DM-44rESe08-1.mp4_podcast,podpeakstudio,C:\Users\asus\Desktop\projects\geelark-automation\campaigns\podcast\videos\chunk_01a\theovon\DM-44rESe08-1.mp4,"A.J. and @theovon talking about what's actually good üó£Ô∏è

#podcast #comedy #funny #theo #theovon #thisPastWeekend",success,2,2025-12-19T09:35:55.892422,2025-12-19T09:40:18.759889,,0,3,,,,
DRNyLf3EWAQ-1.mp4_podcast,podcutstories,C:\Users\asus\Desktop\projects\geelark-automation\campaigns\podcast\videos\chunk_01b\alexjones.tv\DRNyLf3EWAQ-1.mp4,"A deep state reckoning could be on the horizon as Trump prepares his next moves against establishment players. @alexjones.tv breaks down the potential arrests that have Washington insiders on edge this November.

#infowars #trumpwon #maganews",success,4,2025-12-19T09:36:38.503140,2025-12-19T09:41:32.729239,,0,3,,,,
DKxT_lZP9UI-2.mp4_podcast,podclipcrafters,C:\Users\asus\Desktop\projects\geelark-automation\campaigns\podcast\videos\chunk_01b\timferriss\DKxT_lZP9UI-2.mp4,"Chris Hutchins breaks down the art of deal-making and credit card points optimization in his latest conversation with @timferriss üéôÔ∏è The deal master himself shares his strategies in an episode that's streaming everywhere now.

Available on Apple Podcasts, Spotify, YouTube, and all major podcast platforms.

#podcast #TimFerrissPodcast #ChrisHutchins #creditcardpoints #travelhacking #deals #podcasting #interview",failed,3,2025-12-19T09:36:55.891992,2025-12-19T09:41:33.089962,"terminated: we disabled your account - Vision analysis: This Instagram screen shows a permanent account termination notice for the user ""podclipcrafters."" The account was disabled on December 5, 2025 for violating Instagram's Community Standards, and the platform explicitly states that no appeals are allowed and all data will be permanently deleted.

The account termination appears to be final and irreversible - Instagram indicates this is not a temporary block but a complete ban. There is no fi",1,3,,terminated,account,
DDX5etiurRB-2.mp4_podcast,mindsetmiccuts,C:\Users\asus\Desktop\projects\geelark-automation\campaigns\podcast\videos\chunk_01b\michaeljknowles\DDX5etiurRB-2.mp4,"When schools strip away truth and virtue from the classroom, @michaeljknowles breaks down the inevitable consequences. The results speak for themselves.

#education #truth #virtue #conservative #politics #culture #christianity #faith #values #traditional #america #students #teaching #schools #morality",success,4,2025-12-19T09:37:55.879475,2025-12-19T09:43:24.000372,,0,3,,,,
DGOP0z5JugN-1.mp4_podcast,micwisdomdaily,C:\Users\asus\Desktop\projects\geelark-automation\campaigns\podcast\videos\chunk_01a\simonsinek\DGOP0z5JugN-1.mp4,"What transforms death from society's greatest taboo into life's most powerful teacher? @simonsinek discovered the answer through Alua, a leading death doula whose unconventional career helps the dying‚Äîand their families‚Äînavigate life's final chapter with grace. From deathbed confessions to financial logistics, Alua's work spans the practical and profound. Her surprising take? Confronting mortality isn't morbid‚Äîit's liberating. In their conversation, she reveals how a lawyer becomes a death doula, the wisdom shared in final moments, and why embracing our finite existence unlocks authentic living. Full episode available now on all podcast platforms üéß

#podcast #simonsinek #deathdoula #mortality #endoflife #grief #deathanddying #lifecoach #inspiration #vulnerability #authenticliving #podcasts #conversation #wisdom",success,0,2025-12-19T09:38:59.061808,2025-12-19T09:42:43.109252,,0,3,,,,
DK1-ho6vCyh-2.mp4_podcast,micnotesarchive,C:\Users\asus\Desktop\projects\geelark-automation\campaigns\podcast\videos\chunk_01c\askvinh\DK1-ho6vCyh-2.mp4,"Looking at this wholesome moment, it's clear that @askvinh has discovered something most parents overlook: the untapped power of simply humming.

While everyone's searching for the perfect lullaby playlist or white noise machine, he's mastered a 5-minute sleep technique using nothing but his voice ‚Äî no words, no technology, just pure human connection.

What makes this work isn't perfection. It's presence. It's the willingness to use the one instrument we're all born with but rarely learn to play.

His baby girl doesn't need Grammy-level vocals. She needs the comfort that comes from her dad's sound, delivered with what he calls ""delusional level of vocal confidence.""

That's the real superpower ‚Äî showing up fully, voice and all, in those quiet moments that matter most.

#DadLife #Parenting #Fatherhood #GirlDad #ParentingTips #DadTok #FatherDaughter #BabyGirl #ParentHack #Humming #VoiceHealing #MindfulParenting #ConnectionOverPerfection #NewDad #ParentingWin",success,2,2025-12-19T09:40:28.807227,2025-12-19T09:44:55.225788,,0,3,,,,
DHWgfX2Iy0f-2.mp4_podcast,micmindvault,C:\Users\asus\Desktop\projects\geelark-automation\campaigns\podcast\videos\chunk_01a\mastersofscale\DHWgfX2Iy0f-2.mp4,"The brightest minds in business don't wait for the future‚Äîthey design it together.

@mastersofscale Summit 2025, presented in alliance with @capitalonebusiness, brings together elite founders, CEOs, and investors in San Francisco this October 7-9. Three days of game-changing strategies, powerful connections, and the kind of high-impact conversations that transform how you think about sustainable growth.

This isn't your average conference. It's where partnerships are forged, breakthroughs happen, and fast-scaling entrepreneurs learn directly from leaders behind the world's most iconic companies.

Ready to scale beyond what you thought possible? The link in bio opens the door.

#MastersofScale #MOSSummit",success,2,2025-12-19T09:41:23.574064,2025-12-19T09:46:31.111017,,0,3,,,,
DJKiIjdhJXs-1.mp4_podcast,castcoremedia,C:\Users\asus\Desktop\projects\geelark-automation\campaigns\podcast\videos\chunk_01a\tuckercarlson\DJKiIjdhJXs-1.mp4,"A former addict pulls back the curtain on America's rehab industry‚Äîand what Chris Cella reveals is disturbing. After battling opioid addiction himself, he's calling out the truth about treatment centers that profit off pain. @tuckercarlson sits down with someone who's seen both sides of recovery.

#TuckerCarlson #ChrisCella #Addiction #OpioidCrisis #Recovery #Rehab #MentalHealth #AddictionRecovery #Truth #Podcast",success,4,2025-12-19T09:41:42.775441,2025-12-19T09:50:08.318005,,0,3,,,,
DQRthXSjYX--2.mp4_podcast,bitepodmedia,C:\Users\asus\Desktop\projects\geelark-automation\campaigns\podcast\videos\chunk_01b\themelrobbinspodcast\DQRthXSjYX--2.mp4,"@themelrobbinspodcast dropped this gem during their conversation with Rich Roll: your mood doesn't lead the way‚Äîyour action does. Stop waiting to feel motivated. Just move, and watch everything else fall into place.

#MoodFollowsAction #MelRobbins #RichRoll #Motivation #MindsetShift #TakeAction #PersonalGrowth #SelfImprovement #MotivationMonday #Podcast #Inspiration",success,3,2025-12-19T09:41:43.122557,2025-12-19T09:47:24.489964,,0,3,,,,
Cvp5n6qAXx5-2.mp4_podcast,bitecastclips,C:\Users\asus\Desktop\projects\geelark-automation\campaigns\podcast\videos\chunk_01b\theproblemdavesmith\Cvp5n6qAXx5-2.mp4,"@theproblemdavesmith catches Neil deGrasse Tyson in a moment that has the science community doing a double-take. When asked about his most controversial opinion, NDT delivers an answer that sounds more like philosophy than physics. The irony? A science communicator questioning whether science itself delivers truth. Watch as Dave unpacks why this take has everyone talking.

#neildegrassetyson #ndt #science #scientist #physics #astrophysics #cosmos #podcast #podcastclips #controversy #debate #philosophy #truth #sciencecommunication #viral",success,3,2025-12-19T09:41:45.004308,2025-12-19T09:47:23.696646,,0,3,,,,
DP2IpFeD6Mu-2.mp4_podcast,clipsonairwave,C:\Users\asus\Desktop\projects\geelark-automation\campaigns\podcast\videos\chunk_01a\officialbenshapiro\DP2IpFeD6Mu-2.mp4,"The key to grasping history isn't memorizing dates‚Äîit's stepping into the mindset of those who actually experienced it. @officialbenshapiro breaks down why perspective matters more than facts alone.

#history #perspective #education #learning #knowledge #truth #criticalthinking #historylesson #thinkdifferent #wisdom",success,1,2025-12-19T09:42:24.104824,2025-12-19T09:46:54.524781,,0,3,,,,
C-zDBKCA-Io-2.mp4_podcast,archipelago_one,C:\Users\asus\Desktop\projects\geelark-automation\campaigns\podcast\videos\chunk_01c\moreplatesmoredates\C-zDBKCA-Io-2.mp4,"The B-Team just leveled up their health game üíâ

Craig Jones and his crew are now partnering with Marek Health to maximize their performance and recovery. If you're at CJI, swing by the @marekhealth booth to learn how they're helping elite grapplers get their bloodwork and hormones dialed in.

Want the same optimization protocol? Head to MarekHealth.com

Via @moreplatesmoredates

#BJJ #Grappling #CraigJones #BTeam #MarekHealth #TRT #HRT #Optimization #Performance #MMA #NoGi #Jujitsu #BrazilianJiuJitsu #ADCC #CJI #Wrestling #SubmissionGrappling",success,0,2025-12-19T09:42:53.167777,2025-12-19T09:51:19.518025,,0,3,,,,
DLIRdO4Re3o-1.mp4_podcast,warlordregent,C:\Users\asus\Desktop\projects\geelark-automation\campaigns\podcast\videos\chunk_01b\themelrobbinspodcast\DLIRdO4Re3o-1.mp4,"@themelrobbinspodcast delivers a powerful truth: the pain that shaped you wasn't designed to become your identity. When wounds turn into badges of honor, healing becomes impossible‚Äîbut real freedom comes from letting go without erasing your story. This conversation cuts deep.

#melrobbins #healing #personalgrowth #mentalhealth #selfawareness #lettinggo #growth #mindset #personaldevelopment #healingjourney #movingforward #innerwork #transformation #emotionalhealing #selfdiscovery",success,1,2025-12-19T09:43:24.747256,2025-12-19T09:47:26.966756,,0,3,,,,
DQ7BUThjcFj-2.mp4_podcast,thequietbaron,C:\Users\asus\Desktop\projects\geelark-automation\campaigns\podcast\videos\chunk_01b\ryanholiday\DQ7BUThjcFj-2.mp4,"The Naval Academy opened its doors to @ryanholiday, where he had the privilege of speaking to some of America's most dedicated future leaders. A moment he describes as among the greatest honors of his life. Today, he extends his gratitude to all who have worn the uniform in service to this country.

#military #navalacademy #service #veterans #leadership #sacrifice #armedforces #usnavy #militaryservice #thankyouforyourservice #stoicism #publicspeaking",success,4,2025-12-19T09:43:34.035752,2025-12-19T09:48:21.835029,,0,3,,,,
DQelTTrD7dY-1.mp4_podcast,thefieldsketcher,C:\Users\asus\Desktop\projects\geelark-automation\campaigns\podcast\videos\chunk_01a\theadamcarollashow\DQelTTrD7dY-1.mp4,"When @adamcarolla and @beckyrobinson4 start comparing notes on their worst roommates, the stories get wild üëÄ Watch the full episode on @theadamcarollashow

#AdamCarolla #TheAdamCarollaShow #PodcastClips #ComedyPodcast #RoommateStories #PodcastHighlights #FunnyMoments",success,2,2025-12-19T09:45:05.262420,2025-12-19T09:49:44.302563,,0,3,,,,
DDvOfQ8yCJj-1.mp4_podcast,thebaysideduke,C:\Users\asus\Desktop\projects\geelark-automation\campaigns\podcast\videos\chunk_01b\moreplatesmoredates\DDvOfQ8yCJj-1.mp4,"When @moreplatesmoredates broke down the reality of trenbolone to Joe Rogan, the conversation got wild. From the mental effects to the physical changes, Derek didn't hold back on what actually happens when you're running tren.

JRE #2239

#JoeRogan #JRE #MorePlatesMoreDates #Tren #Trenbolone #Steroids #PEDs #Bodybuilding #Fitness #PodcastClips #JoeRoganExperience #FitnessMotivation #Gym #GymTok #AnabolicSteroids #DerekMorePlatesMoreDates",success,2,2025-12-19T09:46:41.163512,2025-12-19T09:51:36.356255,,0,3,,,,
DKzqcHoxT5b-1.mp4_podcast,thebackroadman,C:\Users\asus\Desktop\projects\geelark-automation\campaigns\podcast\videos\chunk_01b\theadamcarollashow\DKzqcHoxT5b-1.mp4,"When nature's most elegant bird faces off against a half-dozen apex predators, the outcome might surprise you üèÜ Watch this incredible standoff play out! via @theadamcarollashow

#crane #tigers #nature #wildlife #animalfight #survival #naturevideo #wildlifevideo #animalvideo #viralanimals #naturelovers #wildlifeplanet",success,1,2025-12-19T09:47:04.564977,2025-12-19T09:51:47.262444,,0,3,,,,
DO_wa5ggbtR-1.mp4_podcast,stone_mason_live,C:\Users\asus\Desktop\projects\geelark-automation\campaigns\podcast\videos\chunk_01b\teamcocopodcasts\DO_wa5ggbtR-1.mp4,"When you realize your friendship with #ConanOBrien comes with its own unique perks üòÇ #JanelleJames spills the tea on what it's really like! 

Via @teamcocopodcasts

#CONAF #ConanOBrienNeedsAFriend #PodcastClips #Comedy #FriendshipGoals #CelebFriendships",success,3,2025-12-19T09:49:24.235581,2025-12-19T09:52:13.130469,,1,3,2025-12-19T09:54:14.173379,,,
DPCjS9iEkKB-1.mp4_podcast,sovereignclaw,C:\Users\asus\Desktop\projects\geelark-automation\campaigns\podcast\videos\chunk_01a\teamcocopodcasts\DPCjS9iEkKB-1.mp4,"The ""Spinal Tap 2"" cast turned up the volume during this epic Airbnb Experience, and @teamcocopodcasts captured every rock-and-roll moment üé∏‚ö° #CONAF #airbnbpartner",success,3,2025-12-19T09:47:34.522730,2025-12-19T09:52:18.758526,,0,3,,,,
C6yt39sAbkC-1.mp4_podcast,silverscribewindow,C:\Users\asus\Desktop\projects\geelark-automation\campaigns\podcast\videos\chunk_01b\legionofskanks\C6yt39sAbkC-1.mp4,"@whitneycummings just crashed #Skankfest and the chaos is exactly what you'd expect üî•

Full episode drops at 2PM E for the FIRST time ever - link in bio

via @legionofskanks

@skankfestnyc @bigjayoakerson @gomezcomedy @theproblemdavesmith",success,1,2025-12-19T09:47:37.021762,2025-12-19T09:52:13.919545,,0,3,,,,
DLYNajjBUjU-2.mp4_podcast,seegloryvault,C:\Users\asus\Desktop\projects\geelark-automation\campaigns\podcast\videos\chunk_01a\teamcocopodcasts\DLYNajjBUjU-2.mp4,"A DNA test completely rewrote Fred Armisen's family story, and the results weren't what he expected. @teamcocopodcasts dives into the moment everything changed. #WEKYN",success,1,2025-12-19T11:50:24.061958,2025-12-19T11:56:55.603748,,0,3,,,,
DRaIL4ukv8D-1.mp4_podcast,primejuggernaut,C:\Users\asus\Desktop\projects\geelark-automation\campaigns\podcast\videos\chunk_01c\greatness\DRaIL4ukv8D-1.mp4,"The numbers don't lie, and @profgalloway isn't here to sugarcoat them. 

What's actually happening to young men in 2025? Tomorrow's conversation reveals the uncomfortable truths most people refuse to acknowledge‚Äîand the real cost of looking away.

Mark your calendar: 11.24.2025 üëÄ

Full episode drops tomorrow. üî•

via @greatness

#Podcast #YoungMen #SocietyTrends #ScottGalloway #RealTalk #MentalHealth #NextGeneration #HardConversations #SocialIssues #PodcastEpisode #ComingSoon",failed,1,2025-12-21T19:48:05.553060,2025-12-21T19:48:07.979724,Exception: Phone not found: primejuggernaut,3,3,2025-12-21T19:52:55.501435,,unknown,
DGvquvSvgy2-2.mp4_podcast,orbmasterstrike,C:\Users\asus\Desktop\projects\geelark-automation\campaigns\podcast\videos\chunk_01b\badfriendspod\DGvquvSvgy2-2.mp4,"Bobby's take on Adam Ray is absolutely unfiltered üòÖ

via @badfriendspod

#badfriends #bobbyleelive #andrewsantino #standup #standupcomedy #podcast #podcastclips #comedy #funny #comedypodcast #bobbylee #adamray",success,2,2025-12-19T09:50:19.493165,2025-12-19T09:54:27.159477,,0,3,,,,
DKSoQ_bR_0u-1.mp4_podcast,kingmakerpulse,C:\Users\asus\Desktop\projects\geelark-automation\campaigns\podcast\videos\chunk_01b\tuckercarlson\DKSoQ_bR_0u-1.mp4,"Glenn Greenwald calls out the irony of Jake Tapper suddenly ""revealing"" what he'd been helping to hide all along. @tuckercarlson breaks down the contradiction.

#GlennGreenwald #JakeTapper #MediaHypocrisy #TuckerCarlson #PoliticalCommentary #NewsAnalysis #MediaBias #Journalism",success,4,2025-12-19T09:50:30.650767,2025-12-19T09:55:03.107176,,0,3,,,,
CdVxnf5AUpL-1.mp4_podcast,itsunpluggedlife,C:\Users\asus\Desktop\projects\geelark-automation\campaigns\podcast\videos\chunk_01a\impacttheory\CdVxnf5AUpL-1.mp4,"Mark Zuckerberg (@zuck) sat down with Tom Bilyeu to unpack what's next for NFTs, digital collectibles, and the metaverse in ways most people aren't talking about yet. The full conversation on @impacttheory goes deep into where this technology is actually headed. Link in bio for the complete episode.

#MarkZuckerberg #NFTs #Metaverse #DigitalCollectibles #Web3 #ImpactTheory #TomBilyeu #Technology #Future #Innovation",success,0,2025-12-19T09:51:29.569609,2025-12-19T09:56:13.784586,,0,3,,,,
DOwPLHICSs5-1.mp4_podcast,ironwillascendant,C:\Users\asus\Desktop\projects\geelark-automation\campaigns\podcast\videos\chunk_01b\codiesanchez\DOwPLHICSs5-1.mp4,"The gap between who you are and who you're capable of becoming? That's just fear disguised as safety. @codiesanchez reminds us that the worst-case scenario rarely includes death‚Äîso what's really stopping you? She breaks down why most people waste their potential overthinking risks that don't actually exist. Every skill, every opportunity, every gift you've been given is waiting for you to finally use it. The doing starts now.

#entrepreneurmindset #fearless #takeaction #personalgrowth #mindsetshift #stopmakingexcuses #livefully #potentialunleashed #noregrets #justdoit #overcomefear #successmindset #motivationmonday #entrepreneurlife #growthmindset",failed,1,2025-12-21T19:48:18.025982,2025-12-21T19:52:01.653231,"Max steps reached - Vision analysis: This screen shows the Instagram profile page for ""thesudamericana"" (CONMEBOL Sudamericana tournament's official account). The user appears to be viewing this profile normally with no visible error messages, popups, or ""action blocked"" notifications.

Since the context indicates ""max steps reached without completing post"" but shows a profile viewing screen rather than a posting interface, it seems the posting flow was likely interrupted or the user navigated a",3,3,2025-12-19T12:41:56.174525,action_blocked,account,
DQVWMtyCNum-1.mp4_podcast,inreallifemaxx,C:\Users\asus\Desktop\projects\geelark-automation\campaigns\podcast\videos\chunk_01c\hormozi\DQVWMtyCNum-1.mp4,"Here's a mindset shift worth millions: while everyone's obsessing over cutting costs, @hormozi points out the obvious play sitting right in front of us‚Äîhiring talented people. The ROI? Somewhere between 10x and 100x. And despite what conventional wisdom says, underpriced talent exists everywhere. The question isn't whether it's available. It's whether you're actually looking.

#alexhormozi #businessgrowth #entrepreneurmindset #hiringtips #businessstrategy #roi #talentacquisition #scaleyourbusiness #businessowner #entrepreneur",success,1,2025-12-19T09:51:57.312626,2025-12-19T09:56:48.760670,,0,3,,,,
CukRWk_LIt_-2.mp4_podcast,empirestrongofmind,C:\Users\asus\Desktop\projects\geelark-automation\campaigns\podcast\videos\chunk_01b\moreplatesmoredates\CukRWk_LIt_-2.mp4,"The internet can't stop making Tren memes, but should they? Chris Bumstead weighs in on whether the jokes are actually fueling a dangerous trend or if it's all just harmless fun. @moreplatesmoredates breaks down where Cbum stands on this controversial topic.

#chrisbumstead #cbum #tren #trenbolone #steroids #peds #bodybuilding #gym #fitness #moreplatesmoredates #gymhumor #fitnessmemes #bodybuildingmemes",success,3,2025-12-19T09:55:11.995958,2025-12-19T09:57:25.766826,,2,3,2025-12-19T10:00:01.931352,,,
DP98pWijH7F-2.mp4_podcast,crimsonlegionshort,C:\Users\asus\Desktop\projects\geelark-automation\campaigns\podcast\videos\chunk_01c\thediaryofaceopodcast\DP98pWijH7F-2.mp4,"Former Secret Service agent Evy Poumpouras breaks down the productivity trap most people fall into‚Äîconfusing motion with progress.

Her insight? Decision fatigue is draining your mental energy before you even tackle what matters. The solution isn't doing more, it's eliminating the noise.

Comment ""Evy"" and I'll personally DM you our conversation.

Are you making progress or just staying in motion?

Via @thediaryofaceopodcast

Credit: @evypoumpouras

#productivity #decisionfatigue #secretservice #mindset #success #entrepreneurship #personaldevelopment #timemanagement #focus #goals #evypoumpouras #podcast",success,1,2025-12-19T09:52:23.964041,2025-12-19T09:59:03.804507,,0,3,,,,
DM-wb54J_Bn-2.mp4_podcast,bentzenithruler,C:\Users\asus\Desktop\projects\geelark-automation\campaigns\podcast\videos\chunk_01a\greatness\DM-wb54J_Bn-2.mp4,"The difference between feedback that fuels your growth and feedback that just fuels your doubt? @mrbeast breaks down exactly why most creators are listening to the wrong voices. @greatness captured this gem üíé

SUBJECTIVE vs OBJECTIVE ‚Äì knowing which is which changes everything. Stop letting random opinions shake your confidence when they have zero basis in reality.

Filter ruthlessly. Extract value. Keep building.

Drop your thoughts below üëá and comment ""YES"" if you want the full episode in your DMs ‚ú®

#MrBeast #Feedback #CreatorMindset #GrowthMindset #ContentCreator #SuccessMindset #Entrepreneurship #SelfImprovement #PersonalGrowth #MotivationDaily",success,3,2025-12-19T09:52:28.808019,2025-12-19T09:58:01.621340,,0,3,,,,
DQhswdsEi2v-1.mp4_podcast,tjmexicosfinest,C:\Users\asus\Desktop\projects\geelark-automation\campaigns\podcast\videos\chunk_01a\icedcoffeehour\DQhswdsEi2v-1.mp4,"**112 subpoenas.** That's the staggering number Eric Trump had to deal with, and @icedcoffeehour breaks down exactly why it happened. The legal pressure was intense, but what led to this unprecedented situation? This deep dive reveals the investigations, the legal battles, and the political storm that put Eric in the hot seat.

#EricTrump #TrumpFamily #Politics #LegalNews #Subpoena #PoliticalNews #Investigation #NewsBreakdown #CurrentEvents #PoliticsExplained #TrumpOrganization #LegalAnalysis #PodcastClips",success,0,2025-12-19T11:52:14.902161,2025-12-19T11:58:38.694021,,0,3,2025-12-19T10:11:03.451511,,,
DOrAixxkbbP-1.mp4_podcast,sammycakes4me,C:\Users\asus\Desktop\projects\geelark-automation\campaigns\podcast\videos\chunk_01c\theovon\DOrAixxkbbP-1.mp4,"Chris D'Elia might be making a comeback üëÄ

@theovon caught this moment that has everyone talking. The comedy world is watching closely.

Credit: @theovon

#ChrisDelia #TheoPodcast #ComedyNews #StandUpComedy #PodcastClips #Comedy #Comedian",failed,2,2025-12-21T19:49:05.067260,2025-12-21T19:49:07.097680,Exception: Phone not found: sammycakes4me,3,3,2025-12-21T19:53:55.019253,,unknown,
DLhtNUkRrZ3-1.mp4_podcast,rustywatermeal,C:\Users\asus\Desktop\projects\geelark-automation\campaigns\podcast\videos\chunk_01b\askvinh\DLhtNUkRrZ3-1.mp4,"The power of the pause is real üéØ @askvinh breaks down why the space between your words matters just as much as the words themselves. Master this one technique and watch how differently people listen to you.

#communicationskills #publicspeaking #confidence #selfimprovement #personaldevelopment #communication #speakingtips #presentationskills #leadership",success,0,2025-12-19T12:08:08.533610,2025-12-19T12:10:38.459385,,2,3,2025-12-19T12:12:58.480322,,,
DD0X8FCyKdx-2.mp4_podcast,RoughConcreteShifter,C:\Users\asus\Desktop\projects\geelark-automation\campaigns\podcast\videos\chunk_01b\tonyrobbins\DD0X8FCyKdx-2.mp4,"The ripple effect of generosity knows no bounds when compassion meets action üí´ 

@tonyrobbins' foundation just wrapped three decades of transforming lives worldwide‚Äîfrom nurturing emerging leaders across continents to rallying volunteers in the fight against hunger. Every person touched, every community uplifted, every barrier broken represents the power of collective giving üåé

The momentum isn't slowing down. Their vision? Reach further, serve deeper, change more lives.

Three ways to be part of this movement:
ü©µ Contribute to the cause
üôå Give your time as a volunteer  
üìö Explore their programs

Because as Tony says, The Secret to Living is Giving ‚ú®

Ready to create change? Head to @thetonyrobbinsfoundation (link in bio) or thetonyrobbinsfoundation.org

#secrettolivingisgiving #forceforgood",success,4,2025-12-19T09:56:07.040380,2025-12-19T10:04:25.993833,,0,3,,,,
DGliHHzynmG-2.mp4_podcast,reddyplayerwonton,C:\Users\asus\Desktop\projects\geelark-automation\campaigns\podcast\videos\chunk_01c\joeroganexperience\DGliHHzynmG-2.mp4,"Netflix just dropped ""American Primeval"" and director Peter Berg (@pberg44) pulled up to break it all down with @joeroganexperience on episode 2280. The writer-director-producer shares the vision behind his latest series in this conversation.

https://www.netflix.com/title/81457507

#JoeRogan #JRE #PeterBerg #AmericanPrimeval #Netflix #Director #FilmMaking #Producer #Podcast #JoeRoganPodcast",success,0,2025-12-19T09:56:23.856245,2025-12-19T10:00:01.178707,,0,3,,,,
C6l1TKnOPWj-1.mp4_podcast,pinkmanmcpink,C:\Users\asus\Desktop\projects\geelark-automation\campaigns\podcast\videos\chunk_01a\chriswillx\C6l1TKnOPWj-1.mp4,"A Navy SEAL walks into a first date... and the story gets darker than any crime documentary üé≠

@chriswillx sits down with MrBallen to unpack the most unhinged first date scenario you'll ever hear, plus the raw journey from military operations to becoming the internet's master storyteller of true crime and survival tales.

#MrBallen #ChrisWilliamson #NavySEAL #TrueCrime #Podcast #FirstDate #Storytelling #MilitaryLife #Resilience #Courage #PodcastClips #ModernWisdom",failed,2,2025-12-21T19:49:29.608238,2025-12-21T19:49:32.015893,Exception: Phone not found: pinkmanmcpink,3,3,2025-12-21T19:54:19.557165,,unknown,
DBZRl7EO1En-2.mp4_podcast,lucysplainyoself,C:\Users\asus\Desktop\projects\geelark-automation\campaigns\podcast\videos\chunk_01b\michaeljknowles\DBZRl7EO1En-2.mp4,"Liberty University is bringing the heat this Friday, October 25th with @michaeljknowles headlining ""Freedom Uncensored: Winning Next Gen"" ‚Äì and the lineup doesn't stop there. He breaks down what the next generation needs to hear, no filter attached. Registration's open now, so lock in your spot before it's too late.

#MichaelKnowles #LibertyUniversity #FreedomUncensored #WinningNextGen #CollegeConservatives #NextGeneration #ConservativeMovement #CampusEvent #Oct25",success,1,2025-12-19T09:57:35.171992,2025-12-19T10:01:53.800976,,0,3,,,,
DPzPP4ADutt-2.mp4_podcast,LoomedTwillHook,C:\Users\asus\Desktop\projects\geelark-automation\campaigns\podcast\videos\chunk_01c\chriswillx\DPzPP4ADutt-2.mp4,"The measurement of courage isn't found in tomorrow's outcomes‚Äîit exists in today's choices. Matthew McConaughey breaks down what it truly means to live boldly, straight from his philosophy on taking action despite uncertainty. @chriswillx captures this masterclass moment in crystal clarity.

#MatthewMcConaughey #Courage #Motivation #SelfDevelopment #PersonalGrowth #Mindset #LifeAdvice #Philosophy #Inspiration #SelfImprovement #SuccessMindset #Wisdom #PodcastClips",success,3,2025-12-19T09:57:35.827239,2025-12-19T10:01:32.033104,,0,3,,,,
DOfxA-hkfM_-1.mp4_podcast,LockedVaultDuster,C:\Users\asus\Desktop\projects\geelark-automation\campaigns\podcast\videos\chunk_01c\dave.asprey\DOfxA-hkfM_-1.mp4,"Dave Asprey (@dave.asprey) sat down with Dr. Phil and dropped some serious wisdom about meditation practices that actually work. The biohacking pioneer breaks down why traditional approaches miss the mark and what high-performers do differently. This conversation challenges everything you thought you knew about mental training.

#drphil #podcast #daveasprey #heavilymeditated #biohacking #meditation #mentalhealth #selfimprovement #mindset #wellness #performance #podcasting",success,3,2025-12-19T09:58:11.672264,2025-12-19T10:02:55.590857,,0,3,,,,
DOtwkZTAe47-2.mp4_podcast,HollowedBoneVessels,C:\Users\asus\Desktop\projects\geelark-automation\campaigns\podcast\videos\chunk_01c\ryanholiday\DOtwkZTAe47-2.mp4,"The Ross Ulbricht story stopped @ryanholiday in his tracks. After reading a New York Times piece, he knew silence wasn't an option anymore. Standing on stage at Freedom Fest, he broke from his earlier-career playbook of avoiding controversy. His message wasn't about picking teams‚Äîit was a challenge to actually think. Sometimes the most important conversations are the uncomfortable ones.

#freedomfest #rossulbricht #criticalthinking #speakyourtruth #philosophyinaction #stoicism #modernstoic #courageover comfort #questioneverything #authenticity",success,1,2025-12-19T09:59:13.840632,2025-12-19T10:02:43.600741,,0,3,,,,
DP3GfMxDIyR-1.mp4_podcast,FrozenGearSmoker,C:\Users\asus\Desktop\projects\geelark-automation\campaigns\podcast\videos\chunk_01b\thediaryofaceopodcast\DP3GfMxDIyR-1.mp4,"Medical research has a massive blind spot‚Äîand it's costing women their health.

Less than 2% of research focuses on female-specific conditions, despite women being half the population. The result? Decades of misdiagnosis, dismissal, and gaps in care.

@thediaryofaceopodcast brings together four powerhouse experts to expose what's broken and how we fix it:

@drstacysims - exercise physiologist and nutrition scientist transforming female performance.

@nataliecrawfordmd - fertility doctor helping women understand their bodies and cycles.

@drmaryclaire - menopause expert and creator of The Galveston Diet for hormone balance.

@drvondawright - orthopaedic surgeon and longevity researcher guiding women stay strong for life.

Inside this conversation:

- What's really happening to women's hormones at different life stages?
- Why do so many women feel unheard by their doctors?
- Is birth control doing more harm than good?
- What doctors still get wrong about menopause and fertility?
- Why understanding your cycle could change your health forever‚Ä¶

The most striking takeaway? How often women are dismissed or misdiagnosed‚Äîand how much we still don't know.

This isn't just a women's issue. When half the population doesn't get proper care, everyone suffers.

Part 2 dives into the emotional, social, and relational dimensions of women's health.

Comment 'Watch' for the full conversation sent directly to your DMs.

#WomensHealth #HormoneHealth #Fertility #Menopause #HealthPodcast #MedicalResearch #WomensWellness #HormoneBalance #FemaleCycle #LongevityForWomen",claimed,0,2025-12-21T19:50:32.051023,2025-12-21T19:50:28.028529,TypeError: '<=' not supported between instances of 'int' and 'NoneType',2,3,2025-12-21T19:55:28.028540,,unknown,
DK7ASFlocz1-2.mp4_podcast,filbertthesmasher,C:\Users\asus\Desktop\projects\geelark-automation\campaigns\podcast\videos\chunk_01a\2bears.1cave\DK7ASFlocz1-2.mp4,Tom Segura just dropped this gem on the 200th episode milestone üéØ @2bears.1cave keeping it real as always. #2Bears1Cave,success,3,2025-12-19T10:01:42.086077,2025-12-19T10:06:13.106261,,0,3,,,,
DHF4DlCpy8G-1.mp4_podcast,FallenBarkSwitch,C:\Users\asus\Desktop\projects\geelark-automation\campaigns\podcast\videos\chunk_01a\foundr\DHF4DlCpy8G-1.mp4,"The foundation of every lasting relationship? It's simpler than you think. These four pillars separate those who earn loyalty from those who lose it.

via @foundr

#trust #business #entrepreneur #entrepreneurship #success #motivation #businesstips #leadership #mindset #growthmindset #personaldevelopment",success,3,2025-12-19T10:03:05.628075,2025-12-19T10:06:39.452887,,0,3,,,,
DPwV52Bkbq4-1.mp4_podcast,EmptyFuelMatrix,C:\Users\asus\Desktop\projects\geelark-automation\campaigns\podcast\videos\chunk_01a\badfriendspod\DPwV52Bkbq4-1.mp4,"Bobby Lee and Andrew Santino from @badfriendspod just dropped their latest episode and it's pure comedy gold üßà

#badfriends #bobbyleee #andrewsantino #tigerbelly #santino #whiskeyginger #comedy #podcast #funny #standup #comedian #podcasting #comedypodcast",success,1,2025-12-19T10:03:10.455450,2025-12-19T10:08:31.531851,,0,3,,,,
DO8oc3DiBWf-1.mp4_podcast,daisochunks,C:\Users\asus\Desktop\projects\geelark-automation\campaigns\podcast\videos\chunk_01c\teamcocopodcasts\DO8oc3DiBWf-1.mp4,"When @richtercommaandy traded his talk show desk for the DWTS dance floor, chaos ensued üíÉ‚ú® He's spilling all the behind-the-scenes details on ""The Andy Richter Call-in Show"" via @teamcocopodcasts!

#AndyRichter #DWTS #DancingWithTheStars #TeamCoco #Podcast #ComedyPodcast #LateNightTV #PodcastRecommendation",success,1,2025-12-19T10:04:22.062452,2025-12-19T10:08:05.555915,,0,3,,,,
DQNDxiaEXsk-2.mp4_podcast,contibonit,C:\Users\asus\Desktop\projects\geelark-automation\campaigns\podcast\videos\chunk_01a\megynkellyshow\DQNDxiaEXsk-2.mp4,"The show must go on ‚Äì and for @megynkelly and @donaldjtrumpjr, carrying forward the Megyn Kelly Live tour became their tribute to Charlie. Hear the full conversation on @megynkellyshow ‚Äì available now on all podcast platforms.

#megynkellyshow",success,2,2025-12-19T10:04:35.606628,2025-12-19T10:13:47.521153,,0,3,,,,
DRVfStxk7Df-1.mp4_podcast,ClosedCircuitMute,C:\Users\asus\Desktop\projects\geelark-automation\campaigns\podcast\videos\chunk_01a\pbd.podcast\DRVfStxk7Df-1.mp4,"Tom MacDonald breaks down how he turned controversy into a multi-million dollar empire without any label backing üí∞ From banned songs to chart-topping hits, he's proving independent artists can dominate the game on their own terms.

Via @pbd.podcast

#TomMacDonald #IndependentArtist #MusicIndustry #PBDPodcast #Entrepreneurship #Success #ControversialArtist #IndependentMusic #ChartTopper #MusicBusiness",success,4,2025-12-19T10:04:36.032509,2025-12-19T10:08:11.473880,,0,3,,,,
DOhAHqvjI5Z-2.mp4_podcast,bondsgoldengun,C:\Users\asus\Desktop\projects\geelark-automation\campaigns\podcast\videos\chunk_01c\thediaryofaceopodcast\DOhAHqvjI5Z-2.mp4,"Dr. Mike breaks down what CPR actually does‚Äîand it's not what most people assume.

The real purpose? Buying critical time. CPR keeps blood and oxygen circulating until emergency medical professionals arrive with the tools to truly save a life. It doesn't restart the heart or revive someone on its own.

This reality check from @thediaryofaceopodcast featuring @doctor.mike changes how you'll think about those life-saving compressions.

Did you know CPR works this way?

#CPR #DoctorMike #MedicalFacts #EmergencyMedicine #FirstAid #HealthEducation #MedicalMyths #LifeSavingSkills #Podcast",success,3,2025-12-19T10:06:23.151571,2025-12-19T10:10:40.437668,,0,3,,,,
DKNN-42KZIK-2.mp4_podcast,blackietheblackest,C:\Users\asus\Desktop\projects\geelark-automation\campaigns\podcast\videos\chunk_01a\mastersofscale\DKNN-42KZIK-2.mp4,"The same skills that save marriages might just save your startup. Therapist @estherperelofficial sits down with @jeffberman on @mastersofscale to explain why broken partnerships sink more companies than bad business plans ever could. She breaks down the real work of building trust between co-founders and why your relationship health deserves the same attention as your pitch deck.

#startups #entrepreneurship #founders #business #leadership #relationships #cofounder #startuplife #entrepreneur #businessstrategy",success,3,2025-12-19T10:06:49.531821,2025-12-19T10:10:36.966312,,0,3,,,,
DRVWryIE26--1.mp4_podcast,basilthymeoregano,C:\Users\asus\Desktop\projects\geelark-automation\campaigns\podcast\videos\chunk_01a\pbd.podcast\DRVWryIE26--1.mp4,"---

@pbd.podcast captured the moment that left everyone speechless üéôÔ∏èüí•

#pbd #podcast #valuetainment #business #entrepreneur #motivation #success #inspiration #mindset #entrepreneurship #money #marketing #businessman #motivational #entrepreneurlife #goals #hustle #successful #businessowner #startups #wealth #businessmindset",success,1,2025-12-19T10:08:15.616125,2025-12-19T10:14:02.586451,,0,3,,,,
DLNfTyCuR-c-2.mp4_podcast,AgedWalnutThrones,C:\Users\asus\Desktop\projects\geelark-automation\campaigns\podcast\videos\chunk_01c\legionofskanks\DLNfTyCuR-c-2.mp4,"When @legionofskanks gives you the chance at GOLDEN TICKETS, you take it üéüÔ∏è‚ú® Head to BodyBraincoffee.com and find out how to score your way into #SkankfestNOLA‚Äîzero purchase required, because they're generous like that. Don't sleep on this one.

#Skankfest #StandUpComedy #ComedyFestival #NewOrleans #NOLA #GoldenTicket #FreeEntry #ComedyFans #LegionOfSkanks #PodcastComedy #ContestAlert",success,4,2025-12-19T10:08:21.530648,2025-12-19T10:16:02.117827,,0,3,,,,
DRSsa8QEk4z-2.mp4_podcast,speckles_is_here,C:\Users\asus\Desktop\projects\geelark-automation\campaigns\podcast\videos\chunk_01c\icedcoffeehour\DRSsa8QEk4z-2.mp4,"ChatGPT's ad-free experience might not last forever, and the timeline could surprise you. @icedcoffeehour breaks down when we might start seeing ads appear on the platform and what that could mean for users.

#chatgpt #openai #ai #artificialintelligence #tech #technology #technews #aiadvertising #futureofai #digitalmarketing #techpodcast #podcast",success,1,2025-12-19T10:08:41.576035,2025-12-19T10:13:25.478854,,0,3,,,,
DRlInIOknuz-1.mp4_podcast,rushhourresponse,C:\Users\asus\Desktop\projects\geelark-automation\campaigns\podcast\videos\chunk_01a\teamcocopodcasts\DRlInIOknuz-1.mp4,Josh Richards and Rob break down the art of community building in the digital age‚Äîand the insights hit different. @teamcocopodcasts captures the moment these two get real about what it actually takes to grow and maintain an authentic following online. Worth the listen. #Literally,success,3,2025-12-19T10:10:50.478941,2025-12-19T10:15:47.064767,,0,3,,,,
DN5k84XihHy-1.mp4_podcast,redcarelesscrocs,C:\Users\asus\Desktop\projects\geelark-automation\campaigns\podcast\videos\chunk_01c\markmanson\DN5k84XihHy-1.mp4,"According to @markmanson, there's a simple filter for whose opinions actually matter. His rule? If you wouldn't seek their guidance, their judgment holds zero weight. Now he wants to know: what's the most memorable insult someone's thrown your way? Drop it below üëá

#markmanson #advice #criticism #mindset #selfimprovement #personalgrowth #boundaries #mentalhealth #lifelessons #wisdom #motivation #selflove #confidence #growthmindset #inspiration",success,2,2025-12-19T10:11:19.665185,2025-12-19T10:15:42.996403,,0,3,,,,
DQUydZPkc8l-1.mp4_podcast,ogtylerguy,C:\Users\asus\Desktop\projects\geelark-automation\campaigns\podcast\videos\chunk_01b\alexjones.tv\DQUydZPkc8l-1.mp4,"The anti-war stance that never wavers. @alexjones.tv breaks down exactly why he'll always stand against offensive military action, no matter who's in power. This perspective from October 27th, 2025 hits different when you really hear him out.

#infowars #trumpwon #maganews",success,0,2025-12-19T10:12:12.258862,2025-12-19T10:17:16.661314,,0,3,,,,
DQCyJF5CYrk-1.mp4_podcast,milkyjersey.trainer,C:\Users\asus\Desktop\projects\geelark-automation\campaigns\podcast\videos\chunk_01c\codiesanchez\DQCyJF5CYrk-1.mp4,"The third obstacle hits different ‚Äì that's when most people quit. But the real ones? They've got someone in their corner demanding more.

@codiesanchez breaking down what separates those who make it from those who don't üíØ

Drop BORING below and she'll send you 130+ unsexy businesses worth your investment money right now.

#businessowner #entrepreneur #investing #wealthbuilding #businessmindset #investingtips #entrepreneurmindset #smallbusiness #makemoney #financialfreedom #businessgrowth #mindsetmatters #successmindset",success,2,2025-12-19T10:13:57.581162,2025-12-19T10:17:50.057737,,0,3,,,,
DPzXdsvkhpu-2.mp4_podcast,markatetwobananas,C:\Users\asus\Desktop\projects\geelark-automation\campaigns\podcast\videos\chunk_01c\hormozi\DPzXdsvkhpu-2.mp4,"The stock market averages 10% annually. Your personal growth? Unlimited. @hormozi breaks down why betting on yourself will always outperform the S&P 500. Time to become your own best investment.

#investing #selfimprovement #personaldevelopment #growth #mindset #entrepreneur #business #motivation #success #investinyourself #financialfreedom #wealth #entrepreneurship #businessmindset #growthmindset",success,1,2025-12-19T10:15:29.728203,2025-12-19T10:19:26.658257,,0,3,,,,
C-BN4h4ys8j-2.mp4_podcast,marblebasecase,C:\Users\asus\Desktop\projects\geelark-automation\campaigns\podcast\videos\chunk_01b\hubermanlab\C-BN4h4ys8j-2.mp4,"When @hubermanlab sat down with @thenineclub, the conversation turned to a fat loss strategy that's transformed the health of people who struggled for years. His approach centers on high-quality proteins from meat, fish, and eggs that naturally increase satiety and make caloric deficit easier to maintain. The key insight: some individuals can't regulate starchy carbohydrate intake once they begin eating them, linked to hypothalamic function he's explored in depth on his podcast. Combined with cardiovascular and resistance training, this method has helped numerous people shed significant fat and sustain those results long-term. While vegans and vegetarians would need modifications and any weight loss ultimately requires caloric deficit, the satiating power of quality proteins makes adherence dramatically more achievable for many.

#neuroscience #science #ciencia #neurociencia #nutrition #food #naturalfood #fruit #vegetables",success,2,2025-12-19T10:15:53.054859,2025-12-19T10:23:32.358236,,0,3,,,,
DPXB8m9AePD-2.mp4_podcast,lupethelooper,C:\Users\asus\Desktop\projects\geelark-automation\campaigns\podcast\videos\chunk_01a\theadamcarollashow\DPXB8m9AePD-2.mp4,"Adam Carolla breaks down everything wrong with the Covid narrative in under 60 seconds ‚Äî and he doesn't hold back üî• This perspective from @theadamcarollashow hits different when you really think about it üíØ

#AdamCarolla #TheAdamCarollaShow #Covid #CovidRant #Pandemic #TruthBomb #PodcastClips #Comedy #Comedian #FreeSpeech #SpeakUp #RealTalk",success,3,2025-12-19T10:15:57.126600,2025-12-19T10:20:42.643881,,0,3,,,,
DN-udm0FTUy-2.mp4_podcast,FusedMercurySpike,C:\Users\asus\Desktop\projects\geelark-automation\campaigns\podcast\videos\chunk_01b\markmanson\DN-udm0FTUy-2.mp4,"Every massive shift starts microscopic. @markmanson breaks down why transformation isn't some lightning-bolt epiphany‚Äîit's the unsexy, repetitive micro-moves that stack up until you've become someone new without even noticing.

Drop below: what's one tiny action you keep putting off that could actually move the needle? üëá

#transformation #personalgrowth #selfimprovement #mindset #growthmindset #personaldevelopment #motivation #smallsteps #consistency #changeyourlife #dailyhabits #progressnotperfection",success,4,2025-12-19T10:16:12.171965,2025-12-19T10:21:25.774625,,0,3,,,,
CospdEMLLDl-2.mp4_podcast,DarkLichenCoded,C:\Users\asus\Desktop\projects\geelark-automation\campaigns\podcast\videos\chunk_01a\candaceshow\CospdEMLLDl-2.mp4,"Family commitment isn't weakness‚Äîit's the ultimate display of masculine strength, according to Candace Owens (@candaceshow). Real men show up, stay present, and build legacies through dedication to those who matter most.

#family #marriage #realman #masculinity #commitment #familyvalues #manhood #father #husband #relationships #candaceowens #conservative #truth",success,3,2025-12-19T10:16:36.025541,2025-12-19T10:20:56.565979,,0,3,,,,
DHbg1fxOzTL-2.mp4_podcast,choice.jonestown,C:\Users\asus\Desktop\projects\geelark-automation\campaigns\podcast\videos\chunk_01a\timferriss\DHbg1fxOzTL-2.mp4,"When the co-founder of Blogger, Twitter, Medium, and Mozi speaks about The Hoffman Process, people listen. Ev Williams (@evhead) breaks down his experience in @timferriss's latest podcast episode.

Available now on Apple Podcasts, Spotify, YouTube, and everywhere podcasts are found.

#EvWilliams #TheHoffmanProcess #Twitter #Medium #Blogger #Mozi #PodcastEpisode #TechFounders #PersonalGrowth #SiliconValley #Entrepreneurship #PodcastInterview #MustListen",success,4,2025-12-19T10:16:37.930831,2025-12-19T10:20:28.625626,,0,3,,,,
DRmk0UxjRLl-2.mp4_podcast,chance_of_rain_tomorrow,C:\Users\asus\Desktop\projects\geelark-automation\campaigns\podcast\videos\chunk_01b\markmanson\DRmk0UxjRLl-2.mp4,"The clock doesn't slow down‚Äîit speeds up. And while time accelerates, so does everything riding on your decisions.

üìç @markmanson

#motivation #lifechoices #timemanagement #personalgrowth #wisdom #mindset #reality #truthbomb #perspective #adulting #lifelessons #growthmindset #selfawareness #modernlife #realtalk",failed,1,2025-12-19T12:19:02.919118,2025-12-19T12:20:01.025215,"captcha: enter the code - Vision analysis: This is an Instagram CAPTCHA verification screen that appears when the platform detects suspicious or automated activity. The user must enter the distorted code ""210588"" from the image to prove they're human and continue using the app.

The post likely failed because Instagram's security system flagged the account for potential bot-like behavior (rapid actions, unusual patterns, etc.). To fix this, the user needs to correctly enter the CAPTCHA code and ",2,3,2025-12-19T12:23:51.631262,verification,account,
DMEB70ro5E_-2.mp4_podcast,BrokenRockPace,C:\Users\asus\Desktop\projects\geelark-automation\campaigns\podcast\videos\chunk_01b\2bears.1cave\DMEB70ro5E_-2.mp4,"Watch Theo Von drop another legendary moment on the pod üéôÔ∏è Episode 197 of @2bears.1cave delivers exactly what you came for. Bert and Tom know how to keep a conversation rolling.

#2Bears1Cave #theovon #theovonedit #theovonclips #tomsegura #bertkreischer",success,2,2025-12-19T10:18:00.122543,2025-12-19T10:22:28.964040,,0,3,,,,
DAI5fFLtCWi-2.mp4_podcast,ApexStratagem,C:\Users\asus\Desktop\projects\geelark-automation\campaigns\podcast\videos\chunk_01a\impacttheory\DAI5fFLtCWi-2.mp4,"Businessman David Friedberg breaks down why the U.S. has crossed a critical economic threshold that most people aren't paying attention to.

The math is simple but alarming: governments fund debt repayment through taxation, but there's a breaking point where tax rates trigger economic forces that actually make debt harder to repay. According to Friedberg, we've already passed that line.

@impacttheory sits down with David Friedberg to explore what happens when a nation exceeds its natural debt capacity.

Watch the full conversation with David Friedberg and @TomBilyeu on YouTube at Impact Theory: ""America Is About To Crash Into A Brick Wall""

#economy #nationaldebt #economics #finance #business #entrepreneur #impacttheory #podcast",success,1,2025-12-19T10:19:36.717751,2025-12-19T10:24:26.977302,,0,3,,,,
DMYDZ2Yxxh0-1.mp4_podcast,clipsonpodcast,C:\Users\asus\Desktop\projects\geelark-automation\campaigns\podcast\videos\chunk_01b\badfriendspod\DMYDZ2Yxxh0-1.mp4,"The podcast duo tackles the wild world of artificial intelligence creating music, and honestly, the conversation is as chaotic as you'd expect from @badfriendspod. When technology meets creativity, these two have thoughts.

#badfriends #andrewsantino #bobbyleesantino #bobbylee #podcast #standup #comedy #funny #comedypodcast #podcastclips #foryou #fyp #viral",success,4,2025-12-19T10:20:38.687010,2025-12-19T10:24:25.175020,,0,3,,,,
DKAOJOLv-ES-2.mp4_podcast,podsnipworks,C:\Users\asus\Desktop\projects\geelark-automation\campaigns\podcast\videos\chunk_01b\timferriss\DKAOJOLv-ES-2.mp4,"When strategy fails, your biochemistry might be the real culprit. @timferriss shares Tony Robbins' framework: attempting to solve problems from a depleted emotional state creates tunnel vision on what's wrong, not what's possible. The fix? Prime your state before you strategize. Sometimes 10 push-ups, 20 minutes of sunlight, or eating breakfast earlier does more than hours of problem-solving. As Tim puts it‚Äîyou might not need to figure out your life's purpose, you might just need macadamia nuts and a cold shower.

#TonyRobbins #TimFerriss #MindsetShift #Biohacking #PersonalDevelopment #ProductivityTips #SelfImprovement #MentalHealth #StateManagement #OptimizeYourself",failed,0,2025-12-21T19:47:29.655750,2025-12-21T19:49:56.773112,Verification required - cannot proceed automatically,1,3,,verification,account,
DNRHfjCPDtN-1.mp4_podcast,talkgembytes,C:\Users\asus\Desktop\projects\geelark-automation\campaigns\podcast\videos\chunk_01a\hormozi\DNRHfjCPDtN-1.mp4,"The difference between winners and everyone else? Winners don't wait for perfect circumstances ‚Äì they master the art of winning regardless of what's in front of them. @hormozi breaks down why your conditions don't determine your outcome, your response to them does. Time's passing anyway, so what are you building?

#alexhormozi #hormozi #entrepreneurmindset #businessmindset #mindsetmatters #winningmentality #successmindset #entrepreneurship #businessgrowth #mindsetshift #noexcuses #takeaction #businessowner #growthmindset",success,3,2025-12-19T10:21:06.628778,2025-12-19T10:25:12.976273,,0,3,,,,
DRtFzAqjqEu-2.mp4_podcast,castreelworks,C:\Users\asus\Desktop\projects\geelark-automation\campaigns\podcast\videos\chunk_01b\chriswillx\DRtFzAqjqEu-2.mp4,"---

Stephen J. Shaw breaks down the data behind declining birth rates and explains why the shift in women's attitudes toward motherhood matters more than most people realize. @chriswillx explores the demographic trends reshaping our future.

#demographics #birthrate #populationcollapse #stephenjshaw #fertility #society #podcastclips #podcast #futuretrends #dataanalysis",success,4,2025-12-19T10:21:35.822805,2025-12-19T10:28:59.329391,,0,3,,,,
DOZd5HNEXl7-2.mp4_podcast,viraltalkfeed,C:\Users\asus\Desktop\projects\geelark-automation\campaigns\podcast\videos\chunk_01c\theadamcarollashow\DOZd5HNEXl7-2.mp4,"When @adamcarolla and @samtripoli witness peak Phillies Karen behavior, their reaction is everything üò≠üíÄ

üéôÔ∏è Via @theadamcarollashow

#AdamCarolla #SamTripoli #Phillies #KarenAlert #PhilliesKaren #BaseballKaren #MLB #Comedy #Podcast #Reaction #Viral #BaseballFans #SportsKaren #PhiladelphiaPhillies",success,3,2025-12-19T10:22:06.471604,2025-12-19T10:26:03.828190,,0,3,,,,
DF8-vgZgD7_-2.mp4_podcast,reelpodsector,C:\Users\asus\Desktop\projects\geelark-automation\campaigns\podcast\videos\chunk_01a\mastersofscale\DF8-vgZgD7_-2.mp4,"Amy Errett, CEO and Founder of @madisonreed, transformed an unexpected job loss into the foundation of her success story. In conversation with @jeffberman on @mastersofscale, Errett revealed how her family's perspective helped her see the layoff not as failure, but as freedom‚Äîcreating space for possibilities she never would have considered while employed. That shift in thinking changed everything.

Sometimes the detours we don't choose become the paths we needed all along. What unexpected turn shaped your journey?

#MastersOfScale #Leadership #Entrepreneurship #CareerGrowth #Resilience",success,2,2025-12-19T10:22:39.029912,2025-12-19T10:28:23.169191,,0,3,,,,
DP-pHZSkfBr-2.mp4_podcast,apodwavecentral,C:\Users\asus\Desktop\projects\geelark-automation\campaigns\podcast\videos\chunk_01a\alexjones.tv\DP-pHZSkfBr-2.mp4,"The chilling reality of political extremism just got personal ‚Äì @alexjones.tv drops the bombshell that he and Tucker Carlson are both marked as targets by Antifa in this October 13th report. When journalists become hit list entries, freedom itself hangs in the balance.

#infowars #trumpwon #maganews",success,2,2025-12-19T10:23:42.421845,2025-12-19T10:31:24.453110,,0,3,,,,
DQmM5FAj2k7-2.mp4_podcast,micdropchannel,C:\Users\asus\Desktop\projects\geelark-automation\campaigns\podcast\videos\chunk_01a\markmanson\DQmM5FAj2k7-2.mp4,"Mark Manson (@markmanson) breaks down a distinction most people get backwards: confidence isn't about proving anything, ego is. The confident person acts without needing validation. The ego-driven person performs for approval. One builds, the other protects. One creates, the other defends. Understanding this difference changes how you show up in every room you walk into.

#confidence #ego #selfimprovement #personaldevelopment #mindset #growth #psychology #selfdevelopment #selfawareness #motivation #authenticity #mentalhealth #selfgrowth #lifecoach #wisdom",success,4,2025-12-19T10:24:35.239616,2025-12-19T10:28:40.500341,,0,3,,,,
DNlns3mS3Xr-2.mp4_podcast,viralmicstudio,C:\Users\asus\Desktop\projects\geelark-automation\campaigns\podcast\videos\chunk_01b\theovon\DNlns3mS3Xr-2.mp4,".@jimjefferies just broke the record for most Netflix specials by any comedian with ""Two Limb Policy"" ‚Äî and according to @theovon, it lives up to the hype. Stream it now and see why Australia keeps winning. üá¶üá∫

#JimJefferies #TwoLimbPolicy #Netflix #StandUpComedy #ComedySpecial #NetflixComedy #AustralianComedy #StandUp #Comedy",success,1,2025-12-19T10:24:37.035581,2025-12-19T10:28:32.797399,,0,3,,,,
DRS0HBlAQ6--2.mp4_podcast,quickpodsnaps,C:\Users\asus\Desktop\projects\geelark-automation\campaigns\podcast\videos\chunk_01c\ryanholiday\DRS0HBlAQ6--2.mp4,"The barrier to entry isn't a bug‚Äîit's a feature. When something's intimidating enough to make others turn back, that's exactly what clears the path for those willing to push through. @ryanholiday breaks down why difficulty is your competitive advantage.

Catch him live in Seattle, WA on December 3rd. Tickets at dailystoiclive.com

#stoicism #stoic #dailystoic #motivation #discipline #philosophy #mindset #growth #resilience",success,3,2025-12-19T10:25:23.049739,2025-12-19T10:34:15.042703,,0,3,,,,
CljUh3dAdZ6-1.mp4_podcast,podmindstudio,C:\Users\asus\Desktop\projects\geelark-automation\campaigns\podcast\videos\chunk_01b\candaceshow\CljUh3dAdZ6-1.mp4,"Candace breaks down why this moment had everyone talking üëÄ @candaceshow keeping it real as always

#candaceowens #candace #conversationswithcandace #conservative #politics #podcast #viral #fyp #trending",success,3,2025-12-19T10:26:13.895668,2025-12-19T10:31:21.176774,,0,3,,,,
DRlWY2djBuk-2.mp4_podcast,talktrackhub,C:\Users\asus\Desktop\projects\geelark-automation\campaigns\podcast\videos\chunk_01a\shawnryanshow\DRlWY2djBuk-2.mp4,"A hacker's digital skills meet real-world combat training in this unexpected matchup üéØ

Who comes out on top when cyber warfare expertise faces off against elite military tactics? @shawnryanshow puts it to the test.

Full video: https://srs.site/RANGE-DAY-COLLECTION

#hacker #navyseals #survival #selfdefense #edc shawnryanshow podcast",success,2,2025-12-19T10:28:33.221372,2025-12-19T10:33:04.643327,,0,3,,,,
DP66V_cAd9p-1.mp4_podcast,aiyanaaafarmerinspired,C:\Users\asus\Desktop\projects\geelark-automation\campaigns\podcast\videos\chunk_01b\lewishowes\DP66V_cAd9p-1.mp4,"Bob Proctor dropped this truth bomb on @lewishowes: both faith and fear ask us to believe in the invisible‚Äîthe difference? We get to decide which one wins. Drop a YES below if this perspective shift hits different and you want the full episode link in your DMs üíØ

#BobProctor #LewisHowes #Mindset #PersonalDevelopment #SelfImprovement #Motivation #Faith #OvercomeFear #MindsetShift #Inspiration #PersonalGrowth #PodcastClips",failed,0,2025-12-19T10:28:43.309495,2025-12-19T10:31:30.043444,"logged_out: create new account - Vision analysis: This is Instagram's login screen, showing the user is logged out of their account. The screen displays the typical login interface with username/email and password fields, plus a ""Create new account"" button at the bottom.

The post likely failed because the user's session expired or they were automatically logged out, requiring re-authentication. To fix this, the user needs to log back in with their credentials or create a new account if they don",1,3,,logged_out,account,
DPhAW-wiTUG-1.mp4_podcast,kianinspired,C:\Users\asus\Desktop\projects\geelark-automation\campaigns\podcast\videos\chunk_01a\restispolitics\DPhAW-wiTUG-1.mp4,"The Conservative Party's youngest voices are bringing something unexpected to conference this year ‚Äì hope. @restispolitics captures the energy from the next generation shaping the party's future.

#RestIsPolitics #ConservativeParty #UKPolitics #PoliticalYouth #YoungConservatives #ToryConference #BritishPolitics #NextGeneration #PoliticsUK #ConservativeConference",success,4,2025-12-19T10:28:50.544022,2025-12-19T10:32:55.333838,,0,3,,,,
C7Fov65PMmL-2.mp4_podcast,khalillpetersoninspired,C:\Users\asus\Desktop\projects\geelark-automation\campaigns\podcast\videos\chunk_01c\moreplatesmoredates\C7Fov65PMmL-2.mp4,"Looking at what it takes to fuel a growing body, Peter Attia breaks down his teenage years consuming over 6000 calories daily paired with 6-hour training sessions‚Äîa reminder that nutrition requirements for developing athletes operate on a completely different scale. More insights from @peterattiamd via @moreplatesmoredates

#PeterAttia #NutritionScience #TeenAthletes #YouthNutrition #CalorieIntake #AthleticDevelopment #GrowingAthletes #SportsNutrition #TrainingVolume #AdolescentAthletes #NutritionForKids #HighPerformance #YouthSports #AthleteNutrition #DevelopmentalYears",failed,4,2025-12-19T10:31:28.439477,2025-12-19T10:33:13.624552,"logged_out: create new account - Vision analysis: This shows Instagram's login screen with the app's logo, username/password input fields, ""Log in"" button, ""Forgot password?"" link, and ""Create new account"" option at the bottom. The user is logged out of their account, which explains why any posting attempt would fail - you need to be logged into an active Instagram account to post content. To fix this, the user needs to log back into their existing account using their credentials or create a new",2,3,2025-12-19T10:36:18.374614,logged_out,account,
DIutv_JTvAO-2.mp4_podcast,sonbankinspired,C:\Users\asus\Desktop\projects\geelark-automation\campaigns\podcast\videos\chunk_01c\realalexclark\DIutv_JTvAO-2.mp4,"Behind the scenes of his latest podcast, Alex Clark (@realalexclark) put his own apartment under the microscope‚Äîliterally üî¨

Ryan Blaser from @testmyhome didn't just show up to chat. He came equipped to test everything: mold spores, EMFs, air quality, water toxicity, the works. The trusted environmental health expert who's worked with Lauryn Bosstick and Paul Saladino turned Alex's one-bedroom into a full-on health investigation site üè†‚ö†Ô∏è

Could invisible threats in your living space be the reason you feel off? Brain fog, constant fatigue, unexplained symptoms‚Äîsometimes the culprit isn't your body, it's your building üò∑

After surviving his own battle with environmental illness, Ryan now helps people detect what's lurking where they live. This @cultureapothecary episode breaks it all down (and Alex promises a vlog with the shocking results coming soon) üé•

Stream it now on all podcast platforms or catch it on Real Alex Clark's YouTube üíöüåø

Drop 'MOLD' in the comments for the direct link!

Ever questioned if your home environment was affecting your health?

#mold #moldtoxicity #emf #healthyhome #environmentalhealth #podcast #wellness #holistichealth #toxins #airquality #homehealth #chronicillness",success,1,2025-12-19T10:30:18.512619,2025-12-19T10:34:15.824050,,0,3,,,,
C0xWIPMvNl6-1.mp4_podcast,walinspired,C:\Users\asus\Desktop\projects\geelark-automation\campaigns\podcast\videos\chunk_01b\impacttheory\C0xWIPMvNl6-1.mp4,"@peterdiamandis drops a mind-bending prediction about AI's role in human longevity that might change how you think about your lifespan. @impacttheory captures this powerful conversation about technology's potential to extend life beyond what we currently imagine possible. Link in bio for the full discussion.

#impacttheory #AI #artificialintelligence",success,3,2025-12-19T10:31:31.251043,2025-12-19T10:35:31.717189,,0,3,,,,
DMbE9MohIOD-2.mp4_podcast,emersoninspired,C:\Users\asus\Desktop\projects\geelark-automation\campaigns\podcast\videos\chunk_01c\joeroganexperience\DMbE9MohIOD-2.mp4,"A profound conversation about transformation and freedom with @shakasenghor on @joeroganexperience ‚Ä¢ Episode 2353 features the writer, entrepreneur, and resilience expert who spent 19 years behind bars for murder and emerged to help others break free from their own invisible chains. His upcoming book ""How to Be Free: A Proven Guide to Escaping Life's Hidden Prisons"" drops September 9 ‚Ä¢ www.shakasenghor.com

#JoeRogan #JRE #ShakaSenghor #Podcast #Transformation #SecondChances #Resilience #PersonalGrowth #Freedom #NewBook #Entrepreneur #Writer #LifeLessons",success,2,2025-12-19T10:31:34.515071,2025-12-19T10:35:03.208835,,0,3,,,,
DEE6W56R3BY-1.mp4_podcast,dennwilsoninspired,C:\Users\asus\Desktop\projects\geelark-automation\campaigns\podcast\videos\chunk_01c\thejrecompanion\DEE6W56R3BY-1.mp4,"James Fox breaks down his documentary 'The Program' during his conversation with Joe Rogan on JRE episode 2246. Stream the full discussion through the episode links, and catch the film on Amazon Video. Episode highlights courtesy of @thejrecompanion

Follow @jamesfoxdirector
Follow @joerogan

#jamesfox #joerogan #jrec2246 #jre #thejrecompanion #jrejamesfox #uap #joeroganpodcast #joeroganexperience #ufo",success,0,2025-12-19T12:10:48.503808,2025-12-19T12:13:10.732699,,0,3,2025-12-19T10:47:26.659563,,,
DFqnq0gTjF1-2.mp4_podcast,neilinspired,C:\Users\asus\Desktop\projects\geelark-automation\campaigns\podcast\videos\chunk_01a\joeroganexperience\DFqnq0gTjF1-2.mp4,"Lost civilizations get a fresh perspective when Dan Richards breaks down alternative history theories. The independent researcher behind ""DeDunking the Past"" joins @joeroganexperience for episode 2267 to challenge conventional historical narratives. @dedunking

#JoeRogan #JRE #JoeRoganPodcast #JoeRoganExperience #Podcast #History #LostCivilizations #AlternativeHistory #AncientHistory #DeDunkingThePast #DanRichards #HistoricalMysteries #AncientCivilizations",success,4,2025-12-19T10:33:05.418126,2025-12-19T10:37:09.106699,,0,3,,,,
DQsFxswElOE-1.mp4_podcast,angelapenninspired,C:\Users\asus\Desktop\projects\geelark-automation\campaigns\podcast\videos\chunk_01c\foundmyfitness\DQsFxswElOE-1.mp4,"The immune system's ability to fight cancer can increase 6-fold from just minutes of exercise, according to research shared by @foundmyfitness. Natural killer T cell activity surges during physical activity, improving the body's capacity to detect and destroy cancerous cells. Beyond immediate immune enhancement, consistent exercise correlates with lower cancer recurrence rates, decreased mortality, and improved survival outcomes in patients with cancer history. Studies highlight vigorous-intensity workouts as particularly beneficial. While not a replacement for medical treatment, exercise functions as a powerful adjunct therapy and preventative measure across most cancer types.

#exercise #cancer #immunity #naturalkillerTcells #cancerprevention #immunesystem #healthspan #longevity #vigorous #workout",success,2,2025-12-19T10:33:14.718124,2025-12-19T10:38:40.404866,,0,3,,,,
DRGD081Eit7-1.mp4_podcast,carlooinspired,C:\Users\asus\Desktop\projects\geelark-automation\campaigns\podcast\videos\chunk_01a\tigerbelly\DRGD081Eit7-1.mp4,"Bobby Lee keeps it real about cultural observations with that signature TigerBelly humor üéôÔ∏è @tigerbelly delivers another gem from episode 528 with @jameelajamil

#tigerbelly #podcastclips #comedians",success,4,2025-12-19T10:33:23.666861,2025-12-19T10:38:40.498512,,0,3,,,,
C-tMsPSS0Db-1.mp4_podcast,penelopeinspired,C:\Users\asus\Desktop\projects\geelark-automation\campaigns\podcast\videos\chunk_01c\tonyrobbins\C-tMsPSS0Db-1.mp4,"The legendary @tonyrobbins continues to transform lives across the globe‚Äîwhether through empowering entrepreneurs or those unforgettable banana hands moments that keep everyone laughing üçåüòÇ

Drop your @tonyrobbins experience in the comments‚Äîhas his work changed your perspective or were you lucky enough to meet him in person? üëá

#TonyRobbins #SageRobbins #BetterTogether #PersonalGrowth #Connection",success,3,2025-12-19T10:34:25.126808,2025-12-19T10:38:25.918934,,0,3,,,,
DEnmL6UTvMd-2.mp4_podcast,yourmindfuelpod,C:\Users\asus\Desktop\projects\geelark-automation\campaigns\podcast\videos\chunk_01c\joeroganexperience\DEnmL6UTvMd-2.mp4,"@joeroganexperience sits down with award-winning actor, director, producer, and screenwriter Mel Gibson in episode 2254. Gibson's latest directorial project ""Flight Risk"" hits theaters January 24, starring Mark Wahlberg. @flightriskmovie

www.flightrisk.movie

#JoeRogan #JRE #MelGibson #FlightRisk #MarkWahlberg #Podcast #JoeRoganPodcast #JoeRoganExperience",success,1,2025-12-19T10:34:25.878869,2025-12-19T10:38:47.525017,,0,3,,,,
DMgLBZRh4Tf-1.mp4_podcast,theawakenedmic,C:\Users\asus\Desktop\projects\geelark-automation\campaigns\podcast\videos\chunk_01a\teamcocopodcasts\DMgLBZRh4Tf-1.mp4,The wait is finally over‚ÄîSummer S'Mores featuring Conan and the Chill Chums makes its highly anticipated return! via @teamcocopodcasts #ChillChums #CONAF,failed,1,2025-12-19T10:39:02.655967,2025-12-19T10:40:06.037869,"captcha: enter the code - Vision analysis: This screen shows Instagram's CAPTCHA verification page with the heading ""Confirm you're human."" The user must enter the distorted code ""883786"" from the image into the text field to proceed. This indicates Instagram has flagged suspicious activity or automated behavior on the account, requiring human verification before allowing further actions. The user needs to correctly enter the CAPTCHA code and click ""Next"" to resolve this security check.",3,3,2025-12-19T10:43:59.423124,verification,account,
DNTYNqPOi_V-2.mp4_podcast,weriseandruminate,C:\Users\asus\Desktop\projects\geelark-automation\campaigns\podcast\videos\chunk_01b\daveramsey\DNTYNqPOi_V-2.mp4,"A father's love takes on new meaning after tragedy. Brandon reached out to @daveramsey a year after losing his 1¬Ω-year-old son Carter to SUDC (Sudden Unexplained Death in Childhood). Now he's navigating the impossible‚Äîbeing strong for his grieving wife, present for his other sons, and keeping their household afloat while processing unimaginable loss. Sometimes the bravest thing you can do is ask for help, and that's exactly what Brandon did when he called The Ramsey Show.

#TheRamseyShow #DaveRamsey #Grief #FatherhoodJourney #StrengthInVulnerability #FamilyFirst #HealingProcess #ParentingThroughLoss #RealConversations #FindingHope",success,3,2025-12-19T10:35:41.770018,2025-12-19T10:40:13.237135,,0,3,,,,
DLDjREwS7zX-2.mp4_podcast,madalynnnaustininspired,C:\Users\asus\Desktop\projects\geelark-automation\campaigns\podcast\videos\chunk_01c\legionofskanks\DLDjREwS7zX-2.mp4,"The Rogansphere has claimed new visitors üõ∏üôèüèº

@legionofskanks brings this moment from JRE 2339

Catch ALL NEW #LegionOfSkanks dropping every Tuesday at 8PM E exclusively on @gasdigital

Use promo code LOS when you create your profile for discounted full access‚ÄºÔ∏è",success,2,2025-12-19T10:39:44.951537,2025-12-19T10:43:23.170084,,1,3,2025-12-19T10:44:42.332049,,,
DAd2DAXqumV-1.mp4_podcast,itsempoweringhour,C:\Users\asus\Desktop\projects\geelark-automation\campaigns\podcast\videos\chunk_01c\impacttheory\DAd2DAXqumV-1.mp4,"The education system might be failing an entire generation‚Äî@realcandaceowens didn't hold back when she sat down with @impacttheory to discuss why she believes society is being systematically dumbed down. Her take on declining intelligence among kids sparked serious conversation.

Drop your perspective in the comments below. Full episode available on YouTube through the link in profile.

#ImpactTheory #CandaceOwens #Education #Society #CriticalThinking #Podcast #Conversation #DeepTalk #Mindset #Truth",success,3,2025-12-19T10:38:35.985002,2025-12-19T10:42:35.826528,,0,3,,,,
Ct2zx94onmh-1.mp4_podcast,theheartandhustles,C:\Users\asus\Desktop\projects\geelark-automation\campaigns\podcast\videos\chunk_01c\hormozi\Ct2zx94onmh-1.mp4,"Tag someone who needs to see this perspective shift üëá

Alex Hormozi (@hormozi) breaks down why your current situation might be the exact advantage you need. Sometimes what feels like a disadvantage is actually your competitive edge in disguise.

Drop a üí° if this changed how you see your position.

#alexhormozi #businessmindset #entrepreneurmindset #mindsetshift #businessstrategy #competitiveadvantage #entrepreneurship #businessgrowth #successmindset #businesstips",success,2,2025-12-19T10:38:50.466220,2025-12-19T10:43:58.825537,,0,3,,,,
DQhpk4LCRY0-2.mp4_podcast,mysparkedthoughts,C:\Users\asus\Desktop\projects\geelark-automation\campaigns\podcast\videos\chunk_01a\shawnryanshow\DQhpk4LCRY0-2.mp4,"A nightmare scenario that makes you question everything üò® @shawnryanshow captures the kind of moment that stays with you long after you hear it.

#scary #horrorstories #horror #crime #truecrime #shawnryanshow #podcast",success,4,2025-12-19T10:38:51.584556,2025-12-19T10:42:18.620936,,0,3,,,,
C3IzPPhPC4Y-1.mp4_podcast,castcoremedia,C:\Users\asus\Desktop\projects\geelark-automation\campaigns\podcast\videos\chunk_01a\theovon\C3IzPPhPC4Y-1.mp4,Added from logs - completed 2025-12-19,success,3,2025-12-19T12:45:06,2025-12-19T12:50:09,,0,3,,,,
DCYBRMuIYuP-2.mp4_podcast,podpeakstudio,C:\Users\asus\Desktop\projects\geelark-automation\campaigns\podcast\videos\chunk_01a\thejrecompanion\DCYBRMuIYuP-2.mp4,Added from logs - completed 2025-12-19,success,0,2025-12-19T12:43:00,2025-12-19T12:45:51,,0,3,,,,
DPOzy3lkYVO-1.mp4_podcast,crimsonlegionshort,C:\Users\asus\Desktop\projects\geelark-automation\campaigns\podcast\videos\chunk_01a\dave.asprey\DPOzy3lkYVO-1.mp4,Added from logs - completed 2025-12-15,success,0,2025-12-15T15:31:28,2025-12-15T15:36:24,,0,3,,,,
